Date,AAPL,AMZN,MSFT,NVDA,TSLA
2020-01-02,72.4005355834961,94.90049743652344,152.1584014892578,5.970754623413086,28.68400001525879
2020-01-03,71.6966323852539,93.74849700927734,150.26373291015625,5.875185966491699,29.534000396728516
2020-01-06,72.26793670654297,95.14399719238281,150.6521759033203,5.899825572967529,30.1026668548584
2020-01-07,71.92805480957031,95.34300231933594,149.27857971191406,5.971251487731934,31.270666122436523
2020-01-08,73.0851058959961,94.59850311279297,151.65628051757812,5.98245096206665,32.80933380126953
2020-01-09,74.63751220703125,95.05249786376953,153.55096435546875,6.048154830932617,32.089332580566406
2020-01-10,74.80621337890625,94.15799713134766,152.84051513671875,6.080507278442383,31.876667022705078
2020-01-13,76.40441131591797,94.56500244140625,154.6782684326172,6.271146297454834,34.990665435791016
2020-01-14,75.3727035522461,93.47200012207031,153.5888671875,6.154176235198975,35.861331939697266
2020-01-15,75.04969787597656,93.10099792480469,154.5835418701172,6.111618518829346,34.56666564941406
2020-01-16,75.98981475830078,93.89700317382812,157.41603088378906,6.195239067077637,34.232666015625
2020-01-17,76.8310775756836,93.23600006103516,158.2969970703125,6.20395040512085,34.03333282470703
2020-01-21,76.31040954589844,94.5999984741211,157.72860717773438,6.170601844787598,36.47999954223633
2020-01-22,76.58280181884766,94.37300109863281,156.9707489013672,6.224606037139893,37.97066879272461
2020-01-23,76.95162200927734,94.22899627685547,157.93707275390625,6.293046474456787,38.14666748046875
2020-01-24,76.72982788085938,93.08200073242188,156.34556579589844,6.233815670013428,37.654666900634766
2020-01-27,74.47358703613281,91.41699981689453,153.73092651367188,5.977972507476807,37.201332092285156
2020-01-28,76.58041381835938,92.6624984741211,156.74342346191406,6.1713480949401855,37.793331146240234
2020-01-29,78.18339538574219,92.9000015258789,159.1875,6.1108717918396,38.732666015625
2020-01-30,78.07009887695312,93.53399658203125,163.6777801513672,6.117591381072998,42.72066879272461
2020-01-31,74.60857391357422,100.43599700927734,161.26214599609375,5.884146213531494,43.371334075927734
2020-02-03,74.40369415283203,100.20999908447266,165.1935577392578,5.981206893920898,52.0
2020-02-04,76.8600082397461,102.4834976196289,170.631103515625,6.150441646575928,59.137332916259766
2020-02-05,77.48674774169922,101.99349975585938,170.42269897460938,6.240784168243408,48.97999954223633
2020-02-06,78.39311218261719,102.5114974975586,173.9562225341797,6.327640056610107,49.930667877197266
2020-02-07,77.32752990722656,103.96399688720703,174.2025146484375,6.261440277099609,49.871334075927734
2020-02-10,77.6948013305664,106.69550323486328,178.75914001464844,6.5446600914001465,51.41866683959961
2020-02-11,77.22604370117188,107.54000091552734,174.72357177734375,6.6671061515808105,51.62533187866211
2020-02-12,79.06000518798828,108.0,174.97933959960938,6.782832622528076,51.15266799926758
2020-02-13,78.49701690673828,107.49349975585938,174.031982421875,6.7390313148498535,53.599998474121094
2020-02-14,78.5163345336914,106.74349975585938,175.58558654785156,7.2121429443359375,53.33533477783203
2020-02-18,77.07864379882812,107.78350067138672,177.36654663085938,7.3808794021606445,57.22666549682617
2020-02-19,78.1949691772461,108.51100158691406,177.8985137939453,7.832088947296143,61.16133117675781
2020-02-20,77.39276885986328,107.65499877929688,175.18179321289062,7.682764053344727,59.96066665649414
2020-02-21,75.6409912109375,104.79850006103516,169.643798828125,7.318660736083984,60.06666564941406
2020-02-24,72.04801940917969,100.4645004272461,162.32952880859375,6.801248073577881,55.58599853515625
2020-02-25,69.60759735107422,98.63700103759766,159.65081787109375,6.521762847900391,53.32733154296875
2020-02-26,70.71179962158203,98.97949981689453,161.64559936523438,6.661133289337158,51.91999816894531
2020-02-27,66.0895004272461,94.21499633789062,150.25619506835938,6.290337085723877,45.266666412353516
2020-02-28,66.05085754394531,94.1875,153.89434814453125,6.725380897521973,44.53266525268555
2020-03-02,72.20023345947266,97.69750213623047,164.13438415527344,6.88375997543335,49.574668884277344
2020-03-03,69.90721130371094,95.44950103759766,156.2690887451172,6.621288776397705,49.70066833496094
2020-03-04,73.14984130859375,98.79149627685547,162.00657653808594,7.084970951080322,49.96666717529297
2020-03-05,70.77706909179688,96.20149993896484,157.94097900390625,6.80556583404541,48.30266571044922
2020-03-06,69.83711242675781,95.05449676513672,153.47640991210938,6.625022888183594,46.89866638183594
2020-03-09,64.31358337402344,90.03050231933594,143.07493591308594,6.112037658691406,40.53333282470703
2020-03-10,68.94554901123047,94.59100341796875,152.85894775390625,6.501509189605713,43.02199935913086
2020-03-11,66.55103302001953,91.04299926757812,145.9341583251953,6.137686252593994,42.28200149536133
2020-03-12,59.978797912597656,83.83049774169922,132.093994140625,5.386630058288574,37.369998931884766
2020-03-13,67.16476440429688,89.25,150.8736572265625,5.997485160827637,36.44133377075195
2020-03-16,58.52421188354492,84.4574966430664,128.63633728027344,4.890823841094971,29.67133331298828
2020-03-17,61.097537994384766,90.39199829101562,139.2278289794922,5.410536289215088,28.68000030517578
2020-03-18,59.601863861083984,91.5,133.3668975830078,5.050696849822998,24.08133316040039
2020-03-19,59.14518356323242,94.04650115966797,135.56117248535156,5.303456783294678,28.50933265686035
2020-03-20,55.39032745361328,92.30449676513672,130.46969604492188,5.123661994934082,28.50200080871582
2020-03-23,54.21360397338867,95.1415023803711,129.1682891845703,5.296482563018799,28.952667236328125
2020-03-24,59.65260696411133,97.00499725341797,140.9091339111328,6.205169677734375,33.66666793823242
2020-03-25,59.32398986816406,94.29199981689453,139.56028747558594,6.116518020629883,35.95000076293945
2020-03-26,62.44581604003906,97.77449798583984,148.28990173339844,6.405884742736816,35.21066665649414
2020-03-27,59.86040115356445,95.00499725341797,142.20098876953125,6.293574333190918,34.29066848754883
2020-03-30,61.56869888305664,98.19750213623047,152.2035369873047,6.61381721496582,33.47533416748047
2020-03-31,61.443050384521484,97.48600006103516,149.80979919433594,6.5642619132995605,34.93333435058594
2020-04-01,58.210105895996094,95.38500213623047,144.4903106689453,6.0530171394348145,32.104000091552734
2020-04-02,59.18143844604492,95.94149780273438,147.4824981689453,6.361806869506836,30.29800033569336
2020-04-03,58.33090591430664,95.32949829101562,146.12413024902344,6.0739336013793945,32.000667572021484
2020-04-06,63.41954803466797,99.87950134277344,156.99105834960938,6.683793544769287,34.41600036621094
2020-04-07,62.68500518798828,100.58000183105469,155.3002471923828,6.450459003448486,36.36333465576172
2020-04-08,64.2894058227539,102.1500015258789,156.8580780029297,6.647685527801514,36.589332580566406
2020-04-09,64.75332641601562,102.13800048828125,156.86758422851562,6.54807710647583,38.20000076293945
2020-04-13,66.02427673339844,108.44349670410156,157.21905517578125,6.719902038574219,43.39666748046875
2020-04-14,69.35871124267578,114.16600036621094,164.99874877929688,7.071025371551514,47.32600021362305
2020-04-15,68.72566986083984,115.38400268554688,163.2699432373047,6.993579387664795,48.65533447265625
2020-04-16,69.27173614501953,120.40950012207031,168.17147827148438,7.3387250900268555,49.680667877197266
2020-04-17,68.3318099975586,118.75,169.65335083007812,7.279458999633789,50.259334564208984
2020-04-20,66.91346740722656,119.68049621582031,166.29063415527344,7.148222923278809,49.75733184814453
2020-04-21,64.84514617919922,116.40599822998047,159.41336059570312,6.7114362716674805,45.781333923339844
2020-04-22,66.712890625,118.17449951171875,164.82777404785156,7.125811576843262,48.807334899902344
2020-04-23,66.45437622070312,119.97250366210938,162.8329620361328,7.072518348693848,47.04199981689453
2020-04-24,68.37289428710938,120.51100158691406,165.80621337890625,7.211475372314453,48.34333419799805
2020-04-27,68.42120361328125,118.80000305175781,165.33126831054688,7.3979926109313965,53.25
2020-04-28,67.31214141845703,115.7040023803711,161.30364990234375,7.255552291870117,51.27466583251953
2020-04-29,69.52302551269531,118.635498046875,168.5419158935547,7.43235969543457,53.367332458496094
2020-04-30,70.98970031738281,123.69999694824219,170.2327423095703,7.278463363647461,52.12533187866211
2020-05-01,69.84680938720703,114.302001953125,165.82522583007812,7.041889190673828,46.75466537475586
2020-05-04,70.83504486083984,115.79949951171875,169.88133239746094,7.253809452056885,50.74599838256836
2020-05-05,71.89820098876953,115.88999938964844,171.70509338378906,7.314821243286133,51.2140007019043
2020-05-06,72.63999938964844,117.56300354003906,173.39596557617188,7.415673732757568,52.172000885009766
2020-05-07,73.39146423339844,118.38050079345703,174.40284729003906,7.591983795166016,52.00266647338867
2020-05-08,75.13829803466797,118.98049926757812,175.42874145507812,7.781988620758057,54.62799835205078
2020-05-11,76.32062530517578,120.44999694824219,177.38555908203125,8.034000396728516,54.08599853515625
2020-05-12,75.44839477539062,117.84750366210938,173.36746215820312,7.772027015686035,53.96066665649414
2020-05-13,74.53744506835938,118.39600372314453,170.7457275390625,7.749614715576172,52.73066711425781
2020-05-14,74.99532318115234,119.44249725341797,171.48658752441406,7.999135971069336,53.55533218383789
2020-05-15,74.55195617675781,120.48899841308594,173.98486328125,8.457588195800781,53.27799987792969
2020-05-18,76.3084945678711,121.31300354003906,175.64724731445312,8.716076850891113,54.242000579833984
2020-05-19,75.8675765991211,122.46649932861328,174.4313507080078,8.771112442016602,53.867332458496094
2020-05-20,77.34305572509766,124.89700317382812,176.850830078125,8.934968948364258,54.37066650390625
2020-05-21,76.76642608642578,122.33699798583984,174.7266387939453,8.74097728729248,55.17333221435547
2020-05-22,77.26066589355469,121.84400177001953,174.80284118652344,8.990997314453125,54.45866775512695
2020-05-26,76.73734283447266,121.09300231933594,172.95492553710938,8.68370246887207,54.591331481933594
2020-05-27,77.07167053222656,120.51950073242188,173.18356323242188,8.49195671081543,54.68199920654297
2020-05-28,77.10560607910156,120.05500030517578,172.79293823242188,8.453853607177734,53.72066879272461
2020-05-29,77.03050994873047,122.11849975585938,174.55517578125,8.840837478637695,55.66666793823242
2020-06-01,77.97782135009766,123.552001953125,174.1551055908203,8.771858215332031,59.87333297729492
2020-06-02,78.33880615234375,123.62049865722656,176.1364288330078,8.790782928466797,58.770668029785156
2020-06-03,78.77008056640625,123.91999816894531,176.56507873535156,8.735249519348145,58.86399841308594
2020-06-04,78.09169006347656,123.02999877929688,174.24082946777344,8.736247062683105,57.62533187866211
2020-06-05,80.3158187866211,124.1500015258789,178.3177490234375,8.889216423034668,59.04399871826172
2020-06-08,80.79069519042969,126.2030029296875,179.4227294921875,8.774617195129395,63.327999114990234
2020-06-09,83.34190368652344,130.04299926757812,180.79440307617188,9.01478385925293,62.711334228515625
2020-06-10,85.486083984375,132.37249755859375,187.50033569335938,9.334424018859863,68.336669921875
2020-06-11,81.3818588256836,127.89800262451172,177.43191528320312,8.76589584350586,64.85600280761719
2020-06-12,82.08445739746094,127.2509994506836,178.8321533203125,8.9016752243042,62.35200119018555
2020-06-15,83.099609375,128.63400268554688,179.9752197265625,9.142091751098633,66.05999755859375
2020-06-16,85.30193328857422,130.7635040283203,184.38552856445312,9.037203788757324,65.47533416748047
2020-06-17,85.18321990966797,132.0489959716797,185.0237274169922,9.204127311706543,66.11933135986328
2020-06-18,85.21714782714844,132.69900512695312,187.00502014160156,9.186188697814941,66.9306640625
2020-06-19,84.73015594482422,133.75050354003906,185.89056396484375,9.229290962219238,66.72666931152344
2020-06-22,86.94701385498047,135.6909942626953,191.0533905029297,9.493874549865723,66.28800201416016
2020-06-23,88.80289459228516,138.2205047607422,192.32977294921875,9.417384147644043,66.78533172607422
2020-06-24,87.23531341552734,136.72000122070312,188.4529266357422,9.203630447387695,64.0566635131836
2020-06-25,88.39341735839844,137.72900390625,190.83425903320312,9.457252502441406,65.73200225830078
2020-06-26,85.67745971679688,134.64349365234375,187.0145721435547,9.123408317565918,63.982666015625
2020-06-29,87.65205383300781,134.0189971923828,189.02447509765625,9.168251037597656,67.29000091552734
2020-06-30,88.38375091552734,137.9409942626953,193.8539276123047,9.464973449707031,71.98733520507812
2020-07-01,88.2165756225586,143.93499755859375,194.98744201660156,9.497111320495605,74.64199829101562
2020-07-02,88.2165756225586,144.51499938964844,196.47340393066406,9.579078674316406,80.57733154296875
2020-07-06,90.57637786865234,152.8520050048828,200.70274353027344,9.805294036865234,91.43866729736328
2020-07-07,90.29531860351562,150.00599670410156,198.36900329589844,9.83768081665039,92.65733337402344
2020-07-08,92.3983154296875,154.0554962158203,202.73167419433594,10.180746078491211,91.05867004394531
2020-07-09,92.795654296875,159.13150024414062,204.1510009765625,10.472735404968262,92.9520034790039
2020-07-10,92.95797729492188,160.0,203.53182983398438,10.443085670471191,102.97666931152344
2020-07-13,92.52914428710938,155.1999969482422,197.2449493408203,10.017560958862305,99.80400085449219
2020-07-14,94.06036376953125,154.1999969482422,198.46421813964844,10.341191291809082,101.12000274658203
2020-07-15,94.70724487304688,150.44349670410156,198.1689453125,10.191959381103516,103.06732940673828
2020-07-16,93.5418930053711,149.9949951171875,194.24441528320312,10.099775314331055,100.04266357421875
2020-07-17,93.35292053222656,148.09849548339844,193.25376892089844,10.166295051574707,100.05599975585938
2020-07-20,95.32022857666016,159.8419952392578,201.5600128173828,10.474477767944336,109.53333282470703
2020-07-21,94.00463104248047,156.9145050048828,198.84527587890625,10.29285717010498,104.55733489990234
2020-07-22,94.26872253417969,154.99549865722656,201.70294189453125,10.402726173400879,106.15533447265625
2020-07-23,89.97794342041016,149.32749938964844,192.9298858642578,10.094793319702148,100.87133026123047
2020-07-24,89.75506591796875,150.44549560546875,191.7487335205078,10.159323692321777,94.46666717529297
2020-07-27,91.88227844238281,152.760498046875,194.17774963378906,10.385536193847656,102.63999938964844
2020-07-28,90.37285614013672,150.01649475097656,192.43460083007812,10.18024730682373,98.43267059326172
2020-07-29,92.10516357421875,151.67649841308594,194.37779235839844,10.429383277893066,99.94066619873047
2020-07-30,93.21963500976562,152.593994140625,194.22537231445312,10.577371597290039,99.16600036621094
2020-07-31,102.97869110107422,158.23399353027344,195.28274536132812,10.578118324279785,95.38400268554688
2020-08-03,105.573486328125,155.59449768066406,206.265625,10.972251892089844,99.0
2020-08-04,106.2785415649414,156.94149780273438,203.16983032226562,11.189004898071289,99.13333129882812
2020-08-05,106.66377258300781,160.25149536132812,202.8364715576172,11.24779987335205,99.00133514404297
2020-08-06,110.38520050048828,161.25,206.0846710205078,11.296380996704102,99.30533599853516
2020-08-07,107.87549591064453,158.3730010986328,202.39825439453125,11.160850524902344,96.84733581542969
2020-08-10,109.44345092773438,157.4080047607422,198.36900329589844,11.126469612121582,94.57133483886719
2020-08-11,106.18862915039062,154.0334930419922,193.73004150390625,10.812559127807617,91.6259994506836
2020-08-12,109.71771240234375,158.11199951171875,199.26438903808594,11.400769233703613,103.65066528320312
2020-08-13,111.65945434570312,158.05099487304688,198.79762268066406,11.403511047363281,108.06666564941406
2020-08-14,111.55992126464844,157.4010009765625,198.9881134033203,11.524094581604004,110.04733276367188
2020-08-17,111.26868438720703,159.12049865722656,200.30267333984375,12.294425010681152,122.3759994506836
2020-08-18,112.19584655761719,165.62449645996094,201.4552764892578,12.218439102172852,125.80599975585938
2020-08-19,112.33662414550781,163.0240020751953,200.23306274414062,12.096613883972168,125.23533630371094
2020-08-20,114.8293228149414,164.86849975585938,204.89271545410156,12.099100112915039,133.45533752441406
2020-08-21,120.74676513671875,164.23599243164062,203.4031524658203,12.639729499816895,136.6653289794922
2020-08-24,122.19093322753906,165.3730010986328,204.0429229736328,12.676353454589844,134.27999877929688
2020-08-25,121.18851470947266,167.32449340820312,206.69741821289062,12.705999374389648,134.8893280029297
2020-08-26,122.83653259277344,172.09249877929688,211.16612243652344,12.728922843933105,143.54466247558594
2020-08-27,121.36809539794922,170.0,216.35101318359375,12.584670066833496,149.25
2020-08-28,121.1715316772461,170.08999633789062,218.5758514404297,13.102377891540527,147.55999755859375
2020-08-31,125.28071594238281,172.54800415039062,215.34841918945312,13.328346252441406,166.10667419433594
2020-09-01,130.27096557617188,174.95599365234375,217.00985717773438,13.777425765991211,158.35000610351562
2020-09-02,127.57196807861328,176.57249450683594,221.1920928955078,14.301268577575684,149.1233367919922
2020-09-03,117.35843658447266,168.39999389648438,207.4899444580078,12.974465370178223,135.6666717529297
2020-09-04,117.43610382080078,164.7310028076172,204.57765197753906,12.582704544067383,139.44000244140625
2020-09-08,109.53324890136719,157.49200439453125,193.51084899902344,11.875441551208496,110.06999969482422
2020-09-09,113.90216064453125,163.4304962158203,201.7512664794922,12.674912452697754,122.09333038330078
2020-09-10,110.18373107910156,158.7554931640625,196.0985107421875,12.272934913635254,123.77999877929688
2020-09-11,108.73713684082031,155.81100463867188,194.81903076171875,12.126147270202637,124.23999786376953
2020-09-14,111.9992446899414,155.14849853515625,196.13668823242188,12.831668853759766,139.8733367919922
2020-09-15,112.17400360107422,157.80650329589844,199.3545684814453,12.950042724609375,149.9199981689453
2020-09-16,108.86333465576172,153.90499877929688,195.79298400878906,12.47504711151123,147.25332641601562
2020-09-17,107.12549591064453,150.43649291992188,193.7495880126953,12.424205780029297,141.14332580566406
2020-09-18,103.72747039794922,147.74549865722656,191.3433380126953,12.150821685791016,147.38333129882812
2020-09-21,106.8730697631836,148.02349853515625,193.39625549316406,12.477784156799316,149.79666137695312
2020-09-22,108.55268096923828,156.44949340820312,198.0559539794922,12.597906112670898,141.41000366210938
2020-09-23,103.99932861328125,149.9929962158203,191.5343017578125,12.085525512695312,126.78666687011719
2020-09-24,105.06725311279297,150.989501953125,194.01695251464844,12.30906867980957,129.26333618164062
2020-09-25,109.00897216796875,154.75650024414062,198.43792724609375,12.833162307739258,135.77999877929688
2020-09-28,111.61090850830078,158.70249938964844,199.98477172851562,12.993903160095215,140.39999389648438
2020-09-29,110.76625061035156,157.24400329589844,197.90321350097656,13.184051513671875,139.69000244140625
2020-09-30,112.43614959716797,157.43649291992188,200.83457946777344,13.487841606140137,143.00332641601562
2020-10-01,113.3875961303711,161.06300354003906,202.8684539794922,13.571576118469238,149.3866729736328
2020-10-02,109.72740936279297,156.25,196.88150024414062,13.021069526672363,138.3633270263672
2020-10-05,113.1060562133789,159.9600067138672,200.8823699951172,13.599489212036133,141.89332580566406
2020-10-06,109.86336517333984,154.9980010986328,196.6141357421875,13.693188667297363,137.9933319091797
2020-10-07,111.72740173339844,159.7845001220703,200.35720825195312,13.919975280761719,141.76666259765625
2020-10-08,111.62060546875,159.52749633789062,201.0733184814453,13.79511833190918,141.97332763671875
2020-10-09,113.56236267089844,164.33250427246094,206.06719970703125,13.7193603515625,144.6666717529297
2020-10-12,120.77589416503906,172.14649963378906,211.40481567382812,14.181147575378418,147.43333435058594
2020-10-13,117.57201385498047,172.18150329589844,212.79893493652344,14.203328132629395,148.88333129882812
2020-10-14,117.65940856933594,168.1855010986328,210.88922119140625,14.050809860229492,153.76666259765625
2020-10-15,117.19337463378906,166.9324951171875,209.74342346191406,13.925954818725586,149.6266632080078
2020-10-16,115.55261993408203,163.635498046875,209.74342346191406,13.767955780029297,146.55667114257812
2020-10-19,112.60120391845703,160.36050415039062,204.5489959716797,13.45519733428955,143.61000061035156
2020-10-20,114.08662414550781,160.85049438476562,204.9595947265625,13.60247802734375,140.64666748046875
2020-10-21,113.46526336669922,159.2469940185547,205.10279846191406,13.482109069824219,140.8800048828125
2020-10-22,112.37789154052734,158.82000732421875,205.18875122070312,13.318877220153809,141.92999267578125
2020-10-23,111.6885986328125,160.22000122070312,206.46820068359375,13.547403335571289,140.2100067138672
2020-10-26,111.69828796386719,160.3520050048828,200.5959014892578,13.099817276000977,140.0933380126953
2020-10-27,113.20313262939453,164.31649780273438,203.62281799316406,13.354515075683594,141.55999755859375
2020-10-28,107.96044158935547,158.13900756835938,193.52996826171875,12.587189674377441,135.33999633789062
2020-10-29,111.96041870117188,160.55050659179688,195.4779052734375,12.982938766479492,136.94332885742188
2020-10-30,105.68862915039062,151.8074951171875,193.32945251464844,12.49448013305664,129.34666442871094
2020-11-02,105.60121154785156,150.2239990234375,193.19580078125,12.541086196899414,133.50332641601562
2020-11-03,107.22260284423828,152.42050170898438,197.1106719970703,12.9784517288208,141.3000030517578
2020-11-04,111.60118865966797,162.05799865722656,206.6210479736328,13.750760078430176,140.32666015625
2020-11-05,115.56232452392578,166.10000610351562,213.20953369140625,14.115357398986816,146.02999877929688
2020-11-06,115.43104553222656,165.56849670410156,213.62010192871094,14.51608943939209,143.31666564941406
2020-11-09,113.1261215209961,157.18699645996094,208.53076171875,13.587775230407715,140.4199981689453
2020-11-10,112.78572082519531,151.75100708007812,201.48390197753906,12.729740142822266,136.7866668701172
2020-11-11,116.2090835571289,156.8695068359375,206.7738037109375,13.375696182250977,139.0433349609375
2020-11-12,115.936767578125,155.51400756835938,205.7139434814453,13.414321899414062,137.25332641601562
2020-11-13,115.98538970947266,156.4405059814453,206.73561096191406,13.25507926940918,136.1666717529297
2020-11-16,116.9968490600586,156.55299377441406,207.42311096191406,13.472638130187988,136.02999877929688
2020-11-17,116.11183166503906,156.7830047607422,204.7781524658203,13.37993335723877,147.20333862304688
2020-11-18,114.7891616821289,155.2729949951172,202.07839965820312,13.38641357421875,162.2133331298828
2020-11-19,115.38241577148438,155.8509979248047,203.3612823486328,13.397875785827637,166.42333984375
2020-11-20,114.11810302734375,154.97000122070312,201.41783142089844,13.046486854553223,163.20333862304688
2020-11-23,110.72393798828125,154.91949462890625,201.1497802734375,13.09857177734375,173.9499969482422
2020-11-24,112.00767517089844,155.9029998779297,204.73988342285156,12.916900634765625,185.1266632080078
2020-11-25,112.84407806396484,159.2534942626953,204.74942016601562,13.193025588989258,191.3333282470703
2020-11-27,113.38871002197266,159.76699829101562,206.0514373779297,13.219440460205078,195.25332641601562
2020-11-30,115.78116607666016,158.40199279785156,204.94091796875,13.359248161315918,189.1999969482422
2020-12-01,119.35040283203125,161.00399780273438,206.98965454101562,13.347784042358398,194.9199981689453
2020-12-02,119.70050811767578,160.17649841308594,206.1855010986328,13.501795768737793,189.60667419433594
2020-12-03,119.5643539428711,159.3365020751953,205.10366821289062,13.357710838317871,197.7933349609375
2020-12-04,118.89330291748047,158.12899780273438,205.2185516357422,13.51949691772461,199.67999267578125
2020-12-07,120.35211181640625,157.89999389648438,205.15150451660156,13.56785774230957,213.9199981689453
2020-12-08,120.96482849121094,158.864501953125,206.79820251464844,13.311842918395996,216.6266632080078
2020-12-09,118.43620300292969,155.2100067138672,202.76773071289062,12.893791198730469,201.4933319091797
2020-12-10,119.85608673095703,155.07449340820312,201.5422821044922,12.935173034667969,209.02333068847656
2020-12-11,119.04891967773438,155.8209991455078,204.16543579101562,12.976056098937988,203.3300018310547
2020-12-14,118.43620300292969,157.84849548339844,205.0653839111328,13.270709037780762,213.27667236328125
2020-12-15,124.36870574951172,158.25599670410156,204.9983367919922,13.322312355041504,211.0833282470703
2020-12-16,124.30064392089844,162.04800415039062,209.92874145507812,13.20465087890625,207.58999633789062
2020-12-17,125.16618347167969,161.8040008544922,210.06275939941406,13.303116798400879,218.63333129882812
2020-12-18,123.18221282958984,160.08250427246094,209.2681427001953,13.234063148498535,231.6666717529297
2020-12-21,124.70909118652344,160.3090057373047,213.09754943847656,13.29414176940918,216.6199951171875
2020-12-22,128.2588653564453,160.3260040283203,214.38998413085938,13.240297317504883,213.44667053222656
2020-12-23,127.36414337158203,159.2635040283203,211.59449768066406,12.972066879272461,215.32666015625
2020-12-24,128.34642028808594,158.63450622558594,213.25074768066406,12.956610679626465,220.58999633789062
2020-12-28,132.93679809570312,164.197998046875,215.3665008544922,12.863127708435059,221.22999572753906
2020-12-29,131.16677856445312,166.10000610351562,214.59103393554688,12.906255722045898,221.99667358398438
2020-12-30,130.0483856201172,164.29249572753906,212.2263946533203,13.108177185058594,231.5933380126953
2020-12-31,129.04664611816406,162.84649658203125,212.934814453125,13.017684936523438,235.22332763671875
2021-01-04,125.856689453125,159.3314971923828,208.40655517578125,13.076017379760742,243.2566680908203
2021-01-05,127.41275787353516,160.92550659179688,208.60755920410156,13.366437911987305,245.0366668701172
2021-01-06,123.12385559082031,156.91900634765625,203.19851684570312,12.578444480895996,251.9933319091797
2021-01-07,127.32527160644531,158.10800170898438,208.98092651367188,13.30585765838623,272.0133361816406
2021-01-08,128.4241943359375,159.13499450683594,210.25421142578125,13.238800048828125,293.3399963378906
2021-01-11,125.4384994506836,155.7104949951172,208.215087890625,13.582565307617188,270.39666748046875
2021-01-12,125.2634506225586,156.04150390625,205.76419067382812,13.446206092834473,283.14666748046875
2021-01-13,127.29608154296875,158.29449462890625,207.1140899658203,13.493072509765625,284.8033447265625
2021-01-14,125.37042236328125,156.37350463867188,203.9356689453125,13.162521362304688,281.6666564941406
2021-01-15,123.64903259277344,155.21249389648438,203.5814666748047,12.822744369506836,275.38665771484375
2021-01-19,124.3200912475586,156.03799438476562,207.20985412597656,12.988022804260254,281.51666259765625
2021-01-20,128.40475463867188,163.16900634765625,214.77293395996094,13.327547073364258,283.48333740234375
2021-01-21,133.1118621826172,165.34950256347656,215.37608337402344,13.827863693237305,281.663330078125
2021-01-22,135.25146484375,164.6114959716797,216.3142852783203,13.673304557800293,282.21331787109375
2021-01-25,138.99575805664062,164.6999969482422,219.74159240722656,13.614224433898926,293.6000061035156
2021-01-26,139.22914123535156,166.30650329589844,222.42221069335938,13.396848678588867,294.36334228515625
2021-01-27,138.15931701660156,161.62899780273438,222.96788024902344,12.880827903747559,288.0533447265625
2021-01-28,133.32582092285156,161.88099670410156,228.74075317382812,13.013697624206543,278.4766540527344
2021-01-29,128.33670043945312,160.30999755859375,222.06796264648438,12.952622413635254,264.510009765625
2021-02-01,130.45681762695312,167.1439971923828,229.42999267578125,13.199163436889648,279.9366760253906
2021-02-02,131.28350830078125,169.0,229.29600524902344,13.518001556396484,290.92999267578125
2021-02-03,130.26229858398438,165.62649536132812,232.63720703125,13.491825103759766,284.89666748046875
2021-02-04,133.61756896972656,166.5500030517578,231.68939208984375,13.625192642211914,283.3299865722656
2021-02-05,133.20362854003906,167.6074981689453,231.87132263183594,13.552151679992676,284.07666015625
2021-02-08,133.34974670410156,166.14700317382812,232.12979125976562,14.397480964660645,287.8066711425781
2021-02-09,132.47314453125,165.25,233.37437438964844,14.222482681274414,283.1533203125
2021-02-10,131.86924743652344,164.32899475097656,232.46481323242188,14.722047805786133,268.2733459472656
2021-02-11,131.61602783203125,163.10650634765625,234.06365966796875,15.20715618133545,270.5533447265625
2021-02-12,131.84974670410156,163.885498046875,234.5423126220703,14.918485641479492,272.0400085449219
2021-02-16,129.7264862060547,163.44749450683594,233.3073272705078,15.286431312561035,265.40667724609375
2021-02-17,127.43756103515625,165.4320068359375,234.32444763183594,14.863395690917969,266.04998779296875
2021-02-18,126.33699035644531,166.4114990234375,233.93101501464844,14.786617279052734,262.4599914550781
2021-02-19,126.49280548095703,162.4949951171875,231.22509765625,14.88383674621582,260.4333190917969
2021-02-22,122.72345733642578,159.03700256347656,225.02630615234375,14.314717292785645,238.1666717529297
2021-02-23,122.58707427978516,159.72500610351562,223.8364715576172,14.101580619812012,232.94667053222656
2021-02-24,122.09034729003906,157.97650146484375,225.06468200683594,14.457559585571289,247.33999633789062
2021-02-25,117.84371948242188,152.85800170898438,219.7295684814453,13.269460678100586,227.4066619873047
2021-02-26,118.10670471191406,154.64649963378906,222.98243713378906,13.675301551818848,225.1666717529297
2021-03-01,124.46690368652344,157.3070068359375,227.35806274414062,13.802186012268066,239.47666931152344
2021-03-02,121.86632537841797,154.72650146484375,224.41221618652344,13.36793041229248,228.81333923339844
2021-03-03,118.88590240478516,150.25,218.35739135742188,12.768153190612793,217.73333740234375
2021-03-04,117.0060806274414,148.8784942626953,217.56092834472656,12.334893226623535,207.14666748046875
2021-03-05,118.26254272460938,150.0229949951172,222.23399353027344,12.425883293151855,199.31666564941406
2021-03-08,113.33413696289062,147.59750366210938,218.19427490234375,11.5601167678833,187.6666717529297
2021-03-09,117.94112396240234,153.1425018310547,224.32582092285156,12.488774299621582,224.52667236328125
2021-03-10,116.85997772216797,152.8820037841797,223.02081298828125,12.43690299987793,222.68666076660156
2021-03-11,118.78849029541016,155.67950439453125,227.54037475585938,12.960832595825195,233.1999969482422
2021-03-12,117.8826675415039,154.47450256347656,226.2161407470703,12.823678970336914,231.2433319091797
2021-03-15,120.76569366455078,154.08399963378906,225.31419372558594,13.158085823059082,235.97999572753906
2021-03-16,122.30463409423828,154.59300231933594,228.09693908691406,13.257834434509277,225.6266632080078
2021-03-17,121.51568603515625,156.7864990234375,227.4539794921875,13.307707786560059,233.93666076660156
2021-03-18,117.39569854736328,151.39950561523438,221.38963317871094,12.690513610839844,217.72000122070312
2021-03-19,116.86972045898438,153.7480010986328,221.03456115722656,12.813453674316406,218.2899932861328
2021-03-22,120.18132019042969,155.5435028076172,226.44642639160156,13.153098106384277,223.3333282470703
2021-03-23,119.3534164428711,156.875,227.97215270996094,13.037890434265137,220.72000122070312
2021-03-24,116.96712493896484,154.35350036621094,225.93792724609375,12.611213684082031,210.08999633789062
2021-03-25,117.4541244506836,152.31300354003906,222.944091796875,12.503732681274414,213.4633331298828
2021-03-26,118.0580062866211,152.60150146484375,226.91665649414062,12.806970596313477,206.23666381835938
2021-03-29,118.23331451416016,153.7864990234375,225.7268524169922,12.91569709777832,203.76333618164062
2021-03-30,116.78207397460938,152.76449584960938,222.47390747070312,12.839390754699707,211.8733367919922
2021-03-31,118.97355651855469,154.70399475097656,226.2353973388672,13.314690589904785,222.64332580566406
2021-04-01,119.80146789550781,158.0500030517578,232.54928588867188,13.777027130126953,220.5833282470703
2021-04-05,122.62604522705078,161.3365020751953,238.99749755859375,13.952335357666016,230.35000610351562
2021-04-06,122.92798614501953,161.1909942626953,237.83644104003906,13.826650619506836,230.5399932861328
2021-04-07,124.57402801513672,163.96949768066406,239.79393005371094,14.107943534851074,223.6566619873047
2021-04-08,126.97007751464844,164.96499633789062,243.00848388671875,14.281003952026367,227.93333435058594
2021-04-09,129.5413818359375,168.61000061035156,245.50331115722656,14.36379623413086,225.67333984375
2021-04-12,127.82715606689453,168.96949768066406,245.56088256835938,15.170763969421387,233.9933319091797
2021-04-13,130.93423461914062,170.0,248.03656005859375,15.640079498291016,254.10667419433594
2021-04-14,128.5966339111328,166.64999389648438,245.25381469726562,15.238591194152832,244.07666015625
2021-04-15,131.00241088867188,168.95449829101562,249.00575256347656,16.096681594848633,246.28334045410156
2021-04-16,130.67124938964844,169.9720001220703,250.1955108642578,15.8724946975708,246.5933380126953
2021-04-19,131.3335418701172,168.60049438476562,248.27642822265625,15.323129653930664,238.2100067138672
2021-04-20,129.64852905273438,166.7344970703125,247.81588745117188,15.133110046386719,239.663330078125
2021-04-21,130.0283966064453,168.1009979248047,250.0419921875,15.321882247924805,248.0399932861328
2021-04-22,128.5089874267578,165.45199584960938,246.76995849609375,14.81291675567627,239.89666748046875
2021-04-23,130.82711791992188,167.04400634765625,250.5889892578125,15.226873397827148,243.13333129882812
2021-04-26,131.21665954589844,170.4499969482422,250.97279357910156,15.4390869140625,246.06666564941406
2021-04-27,130.895263671875,170.8715057373047,251.37576293945312,15.34307861328125,234.913330078125
2021-04-28,130.10633850097656,172.9250030517578,244.26551818847656,15.238340377807617,231.46665954589844
2021-04-29,130.00894165039062,173.5655059814453,242.2984161376953,15.286221504211426,225.6666717529297
2021-04-30,128.0414276123047,173.37100219726562,241.98170471191406,14.971762657165527,236.47999572753906
2021-05-03,129.09335327148438,169.32449340820312,241.6746826171875,14.799449920654297,228.3000030517578
2021-05-04,124.52534484863281,165.593505859375,237.769287109375,14.315169334411621,224.53334045410156
2021-05-05,124.76882934570312,163.52699279785156,236.502685546875,14.422150611877441,223.64666748046875
2021-05-06,126.36621856689453,165.31849670410156,239.6308135986328,14.486485481262207,221.17999267578125
2021-05-07,127.03939056396484,164.58050537109375,242.2504425048828,14.775009155273438,224.1233367919922
2021-05-10,123.76118469238281,159.52450561523438,237.18392944335938,14.229884147644043,209.67999267578125
2021-05-11,122.84408569335938,161.19549560546875,236.27235412597656,14.270283699035645,205.73333740234375
2021-05-12,119.78054809570312,157.5970001220703,229.33473205566406,13.723910331726074,196.6300048828125
2021-05-13,121.92698669433594,158.07350158691406,233.2017822265625,13.630894660949707,190.56333923339844
2021-05-14,124.34659576416016,161.14500427246094,238.1146697998047,14.207191467285156,196.5800018310547
2021-05-17,123.19532012939453,163.51950073242188,235.2648468017578,14.12988567352295,192.27667236328125
2021-05-18,121.80989837646484,161.61399841308594,233.24974060058594,13.980512619018555,192.6233367919922
2021-05-19,121.65379333496094,161.58999633789062,233.82679748535156,14.030388832092285,187.82000732421875
2021-05-20,124.20997619628906,162.38400268554688,237.05836486816406,14.575762748718262,195.5933380126953
2021-05-21,122.37578582763672,160.1540069580078,235.7984161376953,14.954059600830078,193.6266632080078
2021-05-24,124.00511169433594,162.24949645996094,241.1940460205078,15.57275104522705,202.14666748046875
2021-05-25,123.80998992919922,162.95249938964844,242.0980682373047,15.60841178894043,201.56333923339844
2021-05-26,123.76118469238281,163.25799560546875,241.87692260742188,15.660529136657715,206.3766632080078
2021-05-27,122.22941589355469,161.5054931640625,239.78021240234375,15.449061393737793,210.28334045410156
2021-05-28,121.57572937011719,161.15350341796875,240.13601684570312,16.203662872314453,208.4066619873047
2021-06-01,121.25376892089844,160.9324951171875,237.94320678710938,16.22361183166504,207.96665954589844
2021-06-02,122.0147933959961,161.69949340820312,237.84703063964844,16.736066818237305,201.7066650390625
2021-06-03,120.53179931640625,159.35049438476562,236.31784057617188,16.927085876464844,190.94667053222656
2021-06-04,122.8245620727539,160.31100463867188,241.20359802246094,17.534053802490234,199.68333435058594
2021-06-07,122.8343276977539,159.90049743652344,244.10818481445312,17.574705123901367,201.7100067138672
2021-06-08,123.65388488769531,163.20550537109375,242.9155731201172,17.413114547729492,201.19667053222656
2021-06-09,124.03437042236328,164.0574951171875,243.8965606689453,17.31857681274414,199.5933380126953
2021-06-10,123.03921508789062,167.4824981689453,247.40704345703125,17.385173797607422,203.3733367919922
2021-06-11,124.2490463256836,167.3415069580078,248.03225708007812,17.78451156616211,203.29666137695312
2021-06-14,127.30281829833984,169.19349670410156,249.95578002929688,17.977567672729492,205.89666748046875
2021-06-15,126.48326873779297,169.156494140625,248.4842529296875,17.74784278869629,199.7866668701172
2021-06-16,126.98081970214844,170.7624969482422,247.54168701171875,17.769542694091797,201.6233367919922
2021-06-17,128.5808868408203,174.46200561523438,250.9272003173828,18.61461067199707,205.53334045410156
2021-06-18,127.28329467773438,174.34500122070312,249.5133514404297,18.596149444580078,207.77000427246094
2021-06-21,129.07850646972656,172.697998046875,252.5910186767578,18.385135650634766,206.94332885742188
2021-06-22,130.7175750732422,175.27200317382812,255.36097717285156,18.843584060668945,207.90333557128906
2021-06-23,130.44442749023438,175.1909942626953,255.1300811767578,19.013690948486328,218.85667419433594
2021-06-24,130.16146850585938,172.45399475097656,256.4958190917969,19.161603927612305,226.60667419433594
2021-06-25,129.86874389648438,170.072998046875,254.88966369628906,18.987504959106445,223.9566650390625
2021-06-28,131.4980926513672,172.1945037841797,258.44830322265625,19.939327239990234,229.57333374023438
2021-06-29,133.01039123535156,172.40699768066406,261.0257873535156,19.98097801208496,226.9199981689453
2021-06-30,133.6250457763672,172.00799560546875,260.544921875,19.956787109375,226.56666564941406
2021-07-01,133.92745971679688,171.64849853515625,261.2181701660156,20.165803909301758,225.97332763671875
2021-07-02,136.5519561767578,175.5489959716797,267.036865234375,20.44017791748047,226.3000030517578
2021-07-06,138.56179809570312,183.78700256347656,267.0465087890625,20.651193618774414,219.86000061035156
2021-07-07,141.0497283935547,184.82899475097656,269.2298278808594,20.325191497802734,214.88333129882812
2021-07-08,139.75216674804688,186.57049560546875,266.81573486328125,19.857263565063477,217.60333251953125
2021-07-09,141.5765838623047,185.9669952392578,267.3158874511719,20.004423141479492,218.98333740234375
2021-07-12,140.9813995361328,185.92750549316406,266.7195129394531,20.465621948242188,228.56666564941406
2021-07-13,142.0936737060547,183.8679962158203,270.2396545410156,20.203720092773438,222.84666442871094
2021-07-14,145.5181884765625,184.08399963378906,271.7111511230469,19.79615020751953,217.7933349609375
2021-07-15,144.864501953125,181.55999755859375,270.2876892089844,18.922897338867188,216.86666870117188
2021-07-16,142.82540893554688,178.68150329589844,270.01849365234375,18.11949348449707,214.74000549316406
2021-07-19,138.9813232421875,177.47950744628906,266.42144775390625,18.736827850341797,215.4066619873047
2021-07-20,142.5912322998047,178.6595001220703,268.64306640625,18.5694637298584,220.1666717529297
2021-07-21,141.85948181152344,179.25999450683594,270.6436462402344,19.36564064025879,218.42999267578125
2021-07-22,143.2254180908203,181.90150451660156,275.202392578125,19.54921531677246,216.4199981689453
2021-07-23,144.9425506591797,182.83200073242188,278.59747314453125,19.51329803466797,214.4600067138672
2021-07-26,145.36209106445312,184.99099731445312,278.00115966796875,19.24990463256836,219.2066650390625
2021-07-27,143.19613647460938,181.3195037841797,275.58709716796875,19.16410255432129,214.92666625976562
2021-07-28,141.44970703125,181.51600646972656,275.2792663574219,19.45842933654785,215.66000366210938
2021-07-29,142.0936737060547,179.99600219726562,275.54864501953125,19.6170597076416,225.78334045410156
2021-07-30,142.3083038330078,166.37950134277344,274.01934814453125,19.454435348510742,229.06666564941406
2021-08-02,141.97657775878906,166.57400512695312,273.9328918457031,19.704862594604492,236.55667114257812
2021-08-03,143.77175903320312,168.31199645996094,276.1449279785156,19.769716262817383,236.5800018310547
2021-08-04,143.3717498779297,167.73599243164062,275.55828857421875,20.227663040161133,236.97332763671875
2021-08-05,143.4790802001953,168.79949951171875,278.45318603515625,20.589832305908203,238.2100067138672
2021-08-06,142.79510498046875,167.2469940185547,278.3955383300781,20.319459915161133,233.03334045410156
2021-08-09,142.74624633789062,167.093505859375,277.3087158203125,20.248613357543945,237.9199981689453
2021-08-10,142.2674560546875,166.03399658203125,275.4908752441406,19.89043617248535,236.663330078125
2021-08-11,142.5215301513672,164.60549926757812,275.98138427734375,19.65397834777832,235.94000244140625
2021-08-12,145.48216247558594,165.1750030517578,278.73211669921875,19.859506607055664,240.75
2021-08-13,145.68736267089844,164.69850158691406,281.6558837890625,20.141860961914062,239.05667114257812
2021-08-16,147.66111755371094,164.94949340820312,283.3390197753906,19.904403686523438,228.72332763671875
2021-08-17,146.75242614746094,162.09800720214844,281.8771057128906,19.413532257080078,221.90333557128906
2021-08-18,143.01007080078125,160.06100463867188,280.1522216796875,18.99648666381836,229.663330078125
2021-08-19,143.34228515625,159.3874969482422,285.972412109375,19.752748489379883,224.49000549316406
2021-08-20,144.79818725585938,159.99749755859375,293.2863464355469,20.76842498779297,226.75332641601562
2021-08-23,146.28343200683594,163.2935028076172,293.5657653808594,21.90781021118164,235.43333435058594
2021-08-24,146.19544982910156,165.28900146484375,291.60955810546875,21.743188858032227,236.163330078125
2021-08-25,144.96429443359375,164.95899963378906,291.0218505859375,22.1622314453125,237.06666564941406
2021-08-26,144.16302490234375,165.8000030517578,288.2080993652344,22.017560958862305,233.72000122070312
2021-08-27,145.19882202148438,167.48150634765625,288.8150939941406,22.584264755249023,237.30667114257812
2021-08-30,149.61532592773438,171.07850646972656,292.5443115234375,22.636150360107422,243.6366729736328
2021-08-31,148.3549041748047,173.5395050048828,290.89654541015625,22.337779998779297,245.24000549316406
2021-09-01,149.01931762695312,173.9499969482422,290.8483581542969,22.393657684326172,244.69667053222656
2021-09-02,150.13323974609375,173.156005859375,290.1931457519531,22.348752975463867,244.1300048828125
2021-09-03,150.7683563232422,173.90249633789062,290.1834716796875,22.79481315612793,244.52333068847656
2021-09-07,153.10365295410156,175.46449279785156,289.25848388671875,22.614194869995117,250.97332763671875
2021-09-08,151.559814453125,176.27499389648438,289.2873840332031,22.2918758392334,251.2899932861328
2021-09-09,150.54360961914062,174.20799255371094,286.4350891113281,22.13021469116211,251.6199951171875
2021-09-10,145.56031799316406,173.45750427246094,284.9510498046875,22.430583953857422,245.42333984375
2021-09-13,146.12710571289062,172.85850524902344,286.1844482421875,22.105276107788086,247.6666717529297
2021-09-14,144.72979736328125,172.5,288.882568359375,22.195079803466797,248.163330078125
2021-09-15,145.61898803710938,173.7895050048828,293.7296447753906,22.293869018554688,251.94332885742188
2021-09-16,145.38446044921875,174.41200256347656,294.1150817871094,22.195079803466797,252.3300018310547
2021-09-17,142.71694946289062,173.12600708007812,288.9596252441406,21.85379981994629,253.163330078125
2021-09-20,139.66835021972656,167.7864990234375,283.5922546386719,21.068464279174805,243.38999938964844
2021-09-21,140.14710998535156,167.18150329589844,284.0741882324219,21.20117950439453,246.4600067138672
2021-09-22,142.51174926757812,169.00250244140625,287.7166442871094,21.894718170166016,250.64666748046875
2021-09-23,143.46932983398438,170.8000030517578,288.6610412597656,22.434574127197266,251.2133331298828
2021-09-24,143.5572509765625,171.2760009765625,288.45867919921875,22.034421920776367,258.1300048828125
2021-09-27,142.04273986816406,170.2899932861328,283.4671325683594,21.614307403564453,263.78668212890625
2021-09-28,138.6619415283203,165.79800415039062,273.2045593261719,20.65533447265625,259.1866760253906
2021-09-29,139.5608673095703,165.05599975585938,273.66705322265625,20.473718643188477,260.4366760253906
2021-09-30,138.2612762451172,164.2519989013672,271.6627502441406,20.672298431396484,258.49334716796875
2021-10-01,139.38499450683594,164.16299438476562,278.58160400390625,20.6982421875,258.40667724609375
2021-10-04,135.95533752441406,159.48899841308594,272.80950927734375,19.69037628173828,260.510009765625
2021-10-05,137.88021850585938,161.0500030517578,278.2539367675781,20.407859802246094,260.1966552734375
2021-10-06,138.7498321533203,163.10049438476562,282.44561767578125,20.656333923339844,260.9166564941406
2021-10-07,140.01036071777344,165.1215057373047,284.12237548828125,21.030542373657227,264.53668212890625
2021-10-08,139.62924194335938,164.43099975585938,284.12237548828125,20.78705406188965,261.8299865722656
2021-10-11,139.5413055419922,162.31500244140625,283.52496337890625,20.65134620666504,263.9800109863281
2021-10-12,138.2710723876953,162.3665008544922,282.2239074707031,20.627395629882812,268.5733337402344
2021-10-13,137.684814453125,164.21400451660156,285.5292053222656,20.894824981689453,270.3599853515625
2021-10-14,140.46954345703125,164.9929962158203,291.73492431640625,21.70012664794922,272.7733459472656
2021-10-15,141.52488708496094,170.4510040283203,293.1418151855469,21.815881729125977,281.010009765625
2021-10-18,143.1957244873047,172.33700561523438,296.1097412109375,22.175125122070312,290.03668212890625
2021-10-19,145.35511779785156,172.20750427246094,297.01556396484375,22.24298095703125,288.0899963378906
2021-10-20,145.84365844726562,170.7530059814453,296.22540283203125,22.056373596191406,288.6000061035156
2021-10-21,146.05865478515625,171.75050354003906,299.4534606933594,22.644126892089844,298.0
2021-10-22,145.28672790527344,166.77749633789062,297.9116516113281,22.67806053161621,303.2266540527344
2021-10-25,145.23788452148438,166.01849365234375,296.91925048828125,23.11713409423828,341.6199951171875
2021-10-26,145.90232849121094,168.80349731445312,298.8271179199219,24.664857864379883,339.4766540527344
2021-10-27,145.44308471679688,169.62449645996094,311.4119873046875,24.3994197845459,345.9533386230469
2021-10-28,149.0779266357422,172.32850646972656,312.5490417480469,24.888381958007812,359.0133361816406
2021-10-29,146.371337890625,168.6215057373047,319.5545654296875,25.5130672454834,371.3333435058594
2021-11-01,145.5505828857422,165.90550231933594,317.38641357421875,25.77251625061035,402.86334228515625
2021-11-02,146.58627319335938,165.6374969482422,321.00970458984375,26.34530258178711,390.6666564941406
2021-11-03,148.02268981933594,169.1999969482422,321.8479309082031,26.54189109802246,404.6199951171875
2021-11-04,147.5048065185547,173.85000610351562,324.19915771484375,29.738136291503906,409.9700012207031
2021-11-05,148.03321838378906,175.94949340820312,323.83294677734375,29.689237594604492,407.36334228515625
2021-11-08,147.21124267578125,174.44900512695312,324.72918701171875,30.739013671875,387.64666748046875
2021-11-09,147.57327270507812,178.81149291992188,323.72705078125,30.592329025268555,341.1666564941406
2021-11-10,144.74530029296875,174.1024932861328,318.7644348144531,29.396854400634766,355.98333740234375
2021-11-11,144.6963653564453,173.625,320.33502197265625,30.325889587402344,354.5033264160156
2021-11-12,146.7709197998047,176.25750732421875,324.4690246582031,30.325889587402344,344.47332763671875
2021-11-15,146.7806854248047,177.28399658203125,323.8426513671875,29.96166229248047,337.7966613769531
2021-11-16,147.7592315673828,177.03500366210938,327.15740966796875,30.139286041259766,351.57666015625
2021-11-17,150.1957550048828,177.4499969482422,327.3795166015625,29.199270248413086,363.0033264160156
2021-11-18,154.48178100585938,184.80299377441406,329.455078125,31.608182907104492,365.4599914550781
2021-11-19,157.10427856445312,183.82850646972656,331.2313232421875,32.91542053222656,379.0199890136719
2021-11-22,157.56414794921875,178.6284942626953,328.0647888183594,31.888587951660156,385.6233215332031
2021-11-23,157.94578552246094,179.0019989013672,325.9893798828125,31.679035186767578,369.6766662597656
2021-11-24,158.4644012451172,179.02049255371094,326.2113342285156,32.60506820678711,372.0
2021-11-26,153.44451904296875,175.22799682617188,318.2662658691406,31.43654441833496,360.6400146484375
2021-11-29,156.8009033203125,178.07850646972656,324.9757385253906,33.30558395385742,378.9966735839844
2021-11-30,161.7523193359375,175.35350036621094,319.14483642578125,32.60706329345703,381.586669921875
2021-12-01,161.2336883544922,172.18600463867188,318.6524963378906,31.37252426147461,365.0
2021-12-02,160.24537658691406,171.8679962158203,318.0828857421875,32.06215286254883,361.5333251953125
2021-12-03,158.3665771484375,169.489501953125,311.8272399902344,30.63199806213379,338.3233337402344
2021-12-06,161.77188110351562,171.36849975585938,314.8970947265625,29.977306365966797,336.336669921875
2021-12-07,167.50607299804688,176.1645050048828,323.3249206542969,32.36255645751953,350.5833435058594
2021-12-08,171.32240295410156,176.1580047607422,323.3731994628906,31.76274871826172,356.32000732421875
2021-12-09,170.81356811523438,174.17100524902344,321.5679016113281,30.42940330505371,334.6000061035156
2021-12-10,175.5985870361328,172.21200561523438,330.68109130859375,30.137983322143555,339.010009765625
2021-12-13,171.9682159423828,169.5675048828125,327.6498107910156,28.105031967163086,322.13665771484375
2021-12-14,170.58848571777344,169.0915069580078,316.9726867675781,28.280685424804688,319.5033264160156
2021-12-15,175.45181274414062,173.31500244140625,323.06427001953125,30.39846420288086,325.3299865722656
2021-12-16,168.56289672851562,168.87100219726562,313.6517333984375,28.330581665039062,308.97332763671875
2021-12-17,167.4669647216797,170.0175018310547,312.58990478515625,27.745750427246094,310.8566589355469
2021-12-20,166.10678100585938,167.07899475097656,308.8345642089844,27.663908004760742,299.9800109863281
2021-12-21,169.2772674560547,170.41700744628906,315.9590759277344,29.01721954345703,312.84332275390625
2021-12-22,171.870361328125,171.03700256347656,321.6644592285156,29.341569900512695,336.2900085449219
2021-12-23,172.49664306640625,171.06849670410156,323.1028137207031,29.58109474182129,355.6666564941406
2021-12-27,176.45973205566406,169.66949462890625,330.59417724609375,30.883495330810547,364.64666748046875
2021-12-28,175.44207763671875,170.66099548339844,329.4357604980469,30.261737823486328,362.8233337402344
2021-12-29,175.53016662597656,169.2010040283203,330.1115417480469,29.941377639770508,362.0633239746094
2021-12-30,174.37539672851562,168.64450073242188,327.5725402832031,29.527204513549805,356.7799987792969
2021-12-31,173.7589569091797,166.7169952392578,324.6764221191406,29.35254669189453,352.260009765625
2022-01-03,178.10365295410156,170.4044952392578,323.1608581542969,30.061138153076172,399.9266662597656
2022-01-04,175.84327697753906,167.52200317382812,317.6195068359375,29.23179054260254,383.1966552734375
2022-01-05,171.16583251953125,164.35699462890625,305.4267272949219,27.54913902282715,362.7066650390625
2022-01-06,168.30848693847656,163.25399780273438,303.01324462890625,28.12199592590332,354.8999938964844
2022-01-07,168.47486877441406,162.5540008544922,303.1678466796875,27.19285011291504,342.32000732421875
2022-01-10,168.4944305419922,161.48599243164062,303.3897399902344,27.345548629760742,352.7066650390625
2022-01-11,171.32240295410156,165.36199951171875,304.07525634765625,27.761716842651367,354.79998779296875
2022-01-12,171.7627410888672,165.20700073242188,307.2512512207031,27.94335174560547,368.739990234375
2022-01-13,168.4944305419922,161.21400451660156,294.24761962890625,26.522186279296875,343.85333251953125
2022-01-14,169.35556030273438,162.13800048828125,299.4607238769531,26.888456344604492,349.8699951171875
2022-01-18,166.15570068359375,158.91749572753906,292.1720275878906,25.851516723632812,343.5033264160156
2022-01-19,162.66232299804688,156.2989959716797,292.8285217285156,25.017179489135742,331.8833312988281
2022-01-20,160.97926330566406,151.66749572753906,291.158447265625,24.10200309753418,332.0899963378906
2022-01-21,158.92433166503906,142.64300537109375,285.78131103515625,23.327547073364258,314.6333312988281
2022-01-24,158.1512451171875,144.54400634765625,286.1094970703125,23.325551986694336,310.0
2022-01-25,156.35076904296875,139.98599243164062,278.5023193359375,22.279632568359375,306.1333312988281
2022-01-26,156.2626953125,138.87249755859375,286.437744140625,22.726743698120117,312.4700012207031
2022-01-27,155.80276489257812,139.6374969482422,289.4593811035156,21.900390625,276.3666687011719
2022-01-28,166.67434692382812,143.97799682617188,297.5878601074219,22.79460906982422,282.1166687011719
2022-01-31,171.02882385253906,149.57350158691406,300.2137756347656,24.437335968017578,312.239990234375
2022-02-01,170.8624725341797,151.19349670410156,298.0705871582031,24.589033126831055,310.4166564941406
2022-02-02,172.0660858154297,150.6125030517578,302.60784912109375,25.19183349609375,301.88665771484375
2022-02-03,169.18919372558594,138.8455047607422,290.8205261230469,23.900402069091797,297.0466613769531
2022-02-04,168.90504455566406,157.63949584960938,295.3482360839844,24.27066993713379,307.7733459472656
2022-02-07,168.18978881835938,157.9355010986328,290.531005859375,24.67885398864746,302.4466552734375
2022-02-08,171.2957305908203,161.4134979248047,294.0158996582031,25.05809783935547,307.3333435058594
2022-02-09,172.71641540527344,161.1894989013672,300.4357604980469,26.651926040649414,310.6666564941406
2022-02-10,168.64051818847656,159.0034942626953,291.91143798828125,25.772676467895508,301.51666259765625
2022-02-11,165.2308807373047,153.2935028076172,284.8255615234375,23.90140151977539,286.6666564941406
2022-02-14,165.46600341796875,155.16700744628906,284.7869567871094,24.218774795532227,291.9200134277344
2022-02-15,169.29698181152344,156.510498046875,290.06756591796875,26.442344665527344,307.4766540527344
2022-02-16,169.0618133544922,158.10049438476562,289.72900390625,26.45831298828125,307.7966613769531
2022-02-17,165.46600341796875,154.65249633789062,281.2451171875,24.458295822143555,292.1166687011719
2022-02-18,163.91796875,152.60150146484375,278.5364990234375,23.595014572143555,285.6600036621094
2022-02-22,160.9982147216797,150.19749450683594,278.33331298828125,23.3435115814209,273.84332275390625
2022-02-23,156.83412170410156,144.82699584960938,271.1263732910156,22.342512130737305,254.67999267578125
2022-02-24,159.45013427734375,151.35800170898438,284.97918701171875,23.700801849365234,266.92333984375
2022-02-25,161.51747131347656,153.7884979248047,287.6104431152344,24.108989715576172,269.9566650390625
2022-02-28,161.78201293945312,153.56300354003906,289.042236328125,24.336538314819336,290.1433410644531
2022-03-01,159.90081787109375,151.14199829101562,285.3274841308594,23.430343627929688,288.1233215332031
2022-03-02,163.1929168701172,152.05250549316406,290.396484375,24.17598533630371,293.2966613769531
2022-03-03,162.86956787109375,147.89849853515625,286.26580810546875,23.6709041595459,279.7633361816406
2022-03-04,159.87142944335938,145.64100646972656,280.40350341796875,22.894317626953125,279.42999267578125
2022-03-07,156.07965087890625,137.4530029296875,269.8107604980469,21.31319236755371,268.1933288574219
2022-03-08,154.25726318359375,136.01449584960938,266.8505554199219,21.47490119934082,274.79998779296875
2022-03-09,159.65586853027344,139.2790069580078,279.087890625,22.97217559814453,286.3233337402344
2022-03-10,155.31544494628906,146.8175048828125,276.2727966308594,22.616825103759766,279.4333190917969
2022-03-11,151.60203552246094,145.52450561523438,270.93292236328125,22.059837341308594,265.1166687011719
2022-03-14,147.57516479492188,141.85299682617188,267.4212646484375,21.29123878479004,255.4566650390625
2022-03-15,151.95480346679688,147.3665008544922,277.7818908691406,22.931249618530273,267.2966613769531
2022-03-16,156.36383056640625,153.10400390625,284.7856750488281,24.45148468017578,280.07666015625
2022-03-17,157.37298583984375,157.23899841308594,285.58856201171875,24.720991134643555,290.5333251953125
2022-03-18,160.66505432128906,161.25050354003906,290.6286926269531,26.404924392700195,301.7966613769531
2022-03-21,162.03680419921875,161.4915008544922,289.40008544921875,26.685413360595703,307.0533447265625
2022-03-22,165.40724182128906,164.88900756835938,294.1402587890625,26.475799560546875,331.32666015625
2022-03-23,166.7691192626953,163.4080047607422,289.7193298339844,25.587413787841797,333.03668212890625
2022-03-24,170.5511016845703,163.64950561523438,294.1789245605469,28.098846435546875,337.97332763671875
2022-03-25,171.1879425048828,164.77349853515625,293.77264404296875,27.641672134399414,336.8800048828125
2022-03-28,172.05018615722656,168.99049377441406,300.5635986328125,28.16771697998047,363.9466552734375
2022-03-29,175.34222412109375,169.31500244140625,305.1199035644531,28.603923797607422,366.5233459472656
2022-03-30,174.17633056640625,166.30099487304688,303.6205139160156,27.63967514038086,364.663330078125
2022-03-31,171.08016967773438,162.99749755859375,298.2515563964844,27.23641014099121,359.20001220703125
2022-04-01,170.7862548828125,163.55999755859375,299.3254089355469,26.663454055786133,361.5299987792969
2022-04-04,174.83274841308594,168.34649658203125,304.6942443847656,27.31028175354004,381.8166809082031
2022-04-05,171.52110290527344,164.05499267578125,300.7377624511719,25.883874893188477,363.7533264160156
2022-04-06,168.35635375976562,158.75599670410156,289.72900390625,24.36264419555664,348.586669921875
2022-04-07,168.6601104736328,157.7845001220703,291.5379638671875,24.16400909423828,352.4200134277344
2022-04-08,166.65155029296875,154.4604949951172,287.28155517578125,23.07698631286621,341.8299865722656
2022-04-11,162.39932250976562,151.1219940185547,275.95355224609375,21.87717056274414,325.30999755859375
2022-04-12,164.2707061767578,150.78750610351562,272.8579406738281,21.464916229248047,328.98333740234375
2022-04-13,166.95526123046875,155.54100036621094,278.2366027832031,22.162647247314453,340.7900085449219
2022-04-14,161.94854736328125,151.7064971923828,270.7007141113281,21.219369888305664,328.3333435058594
2022-04-18,161.7330322265625,152.78500366210938,271.3681945800781,21.743412017822266,334.7633361816406
2022-04-19,164.0159149169922,158.11549377441406,275.99224853515625,22.15765380859375,342.7166748046875
2022-04-20,163.84939575195312,153.9980010986328,277.01763916015625,21.442956924438477,325.73333740234375
2022-04-21,163.05572509765625,148.29600524902344,271.6487121582031,20.14632225036621,336.260009765625
2022-04-22,158.5193634033203,144.35000610351562,265.08990478515625,19.479537963867188,335.01666259765625
2022-04-25,159.5872802734375,146.07400512695312,271.5617370605469,19.86583137512207,332.67333984375
2022-04-26,153.63023376464844,139.39100646972656,261.4042663574219,18.75385284423828,292.1400146484375
2022-04-27,153.40487670898438,138.16700744628906,273.9801025390625,18.381534576416016,293.836669921875
2022-04-28,160.33193969726562,144.59649658203125,280.1809997558594,19.74605369567871,292.5033264160156
2022-04-29,154.4630126953125,124.28150177001953,268.46612548828125,18.51329803466797,290.2533264160156
2022-05-02,154.76678466796875,124.5,275.1893310546875,19.49750518798828,300.9800109863281
2022-05-03,156.25599670410156,124.25350189208984,272.5870361328125,19.566375732421875,303.0833435058594
2022-05-04,162.663818359375,125.92849731445312,280.5195007324219,20.297048568725586,317.5400085449219
2022-05-05,153.60084533691406,116.40699768066406,268.3016052246094,18.80975341796875,291.09332275390625
2022-05-06,154.32691955566406,114.77249908447266,265.7671203613281,18.64105987548828,288.54998779296875
2022-05-09,149.20492553710938,108.78900146484375,255.94821166992188,16.9191951751709,262.3699951171875
2022-05-10,151.60890197753906,108.85900115966797,260.70770263671875,17.563020706176758,266.67999267578125
2022-05-11,143.7493438720703,105.37200164794922,252.04974365234375,16.599777221679688,244.6666717529297
2022-05-12,139.88330078125,106.93049621582031,247.01939392089844,16.145605087280273,242.6666717529297
2022-05-13,144.34786987304688,113.05500030517578,252.6011199951172,17.67382049560547,256.5299987792969
2022-05-16,142.80735778808594,110.81050109863281,252.96871948242188,17.23262596130371,241.4566650390625
2022-05-17,146.43789672851562,115.36849975585938,258.11517333984375,18.143966674804688,253.8699951171875
2022-05-18,138.17601013183594,107.11250305175781,246.36326599121094,16.9072208404541,236.60333251953125
2022-05-19,134.77113342285156,107.31900024414062,245.4518280029297,17.092880249023438,236.47332763671875
2022-05-20,135.00662231445312,107.59100341796875,244.88943481445312,16.663663864135742,221.3000030517578
2022-05-23,140.42298889160156,107.55699920654297,252.73373413085938,16.86729621887207,224.96665954589844
2022-05-24,137.724609375,104.0999984741211,251.7350311279297,16.124643325805664,209.3866729736328
2022-05-25,137.881591796875,106.7750015258789,254.5469207763672,16.94415283203125,219.60000610351562
2022-05-26,141.08041381835938,111.07749938964844,257.82421875,17.818557739257812,235.91000366210938
2022-05-27,146.8303680419922,115.14649963378906,264.9413146972656,18.776813507080078,253.2100067138672
2022-05-31,146.0453643798828,120.20950317382812,263.6129455566406,18.6380672454834,252.75332641601562
2022-06-01,145.9178466796875,121.68399810791016,264.1462707519531,18.286705017089844,246.7899932861328
2022-06-02,148.3709259033203,125.51100158691406,266.24066162109375,19.556392669677734,258.3333435058594
2022-06-03,142.6503448486328,122.3499984741211,261.81915283203125,18.68598175048828,234.51666259765625
2022-06-06,143.3960723876953,124.79000091552734,260.58770751953125,18.751855850219727,238.27999877929688
2022-06-07,145.9178466796875,123.0,264.22381591796875,18.8916072845459,238.8866729736328
2022-06-08,145.1819305419922,121.18000030517578,262.19732666015625,18.618045806884766,241.86666870117188
2022-06-09,139.9617919921875,116.1500015258789,256.74798583984375,18.01900863647461,239.7066650390625
2022-06-10,134.55526733398438,109.6500015258789,245.30638122558594,16.94673728942871,232.22999572753906
2022-06-13,129.4038543701172,103.66999816894531,234.90223693847656,15.621866226196289,215.73666381835938
2022-06-14,130.2672882080078,102.30999755859375,237.06454467773438,15.810563087463379,220.88999938964844
2022-06-15,132.88717651367188,107.66999816894531,244.1137237548828,16.500455856323242,233.0
2022-06-16,127.61798858642578,103.66000366210938,237.52993774414062,15.575940132141113,213.10000610351562
2022-06-17,129.08982849121094,106.22000122070312,240.12852478027344,15.854491233825684,216.75999450683594
2022-06-21,133.31893920898438,108.68000030517578,246.03358459472656,16.53939437866211,237.0366668701172
2022-06-22,132.80868530273438,108.94999694824219,245.442138671875,16.333721160888672,236.086669921875
2022-06-23,135.6738739013672,112.44000244140625,250.99807739257812,16.198938369750977,235.07000732421875
2022-06-24,139.00022888183594,116.45999908447266,259.5696105957031,17.098487854003906,245.7066650390625
2022-06-27,139.00022888183594,113.22000122070312,256.844970703125,16.841899871826172,244.9199981689453
2022-06-28,134.85943603515625,107.4000015258789,248.69039916992188,15.956327438354492,232.663330078125
2022-06-29,136.61581420898438,108.91999816894531,252.35556030273438,15.517034530639648,228.49000549316406
2022-06-30,134.1529541015625,106.20999908447266,249.02969360351562,15.134649276733398,224.47332763671875
2022-07-01,136.32144165039062,109.55999755859375,251.69622802734375,14.49967098236084,227.26333618164062
2022-07-05,138.90208435058594,113.5,254.8668975830078,14.939962387084961,233.06666564941406
2022-07-06,140.2365264892578,114.33000183105469,258.1249084472656,15.105696678161621,231.73333740234375
2022-07-07,143.60214233398438,116.33000183105469,260.2483215332031,15.832527160644531,244.5433349609375
2022-07-08,144.2791748046875,115.54000091552734,259.5307922363281,15.812560081481934,250.76333618164062
2022-07-11,142.14990234375,111.75,256.47650146484375,15.12766170501709,234.3433380126953
2022-07-12,143.12135314941406,109.22000122070312,245.96571350097656,15.057772636413574,233.07000732421875
2022-07-13,142.75830078125,110.4000015258789,245.0445556640625,15.139642715454102,237.0399932861328
2022-07-14,145.68234252929688,110.62999725341797,246.36326599121094,15.347308158874512,238.31333923339844
2022-07-15,147.35040283203125,113.55000305175781,248.92306518554688,15.736681938171387,240.06666564941406
2022-07-18,144.3086395263672,113.76000213623047,246.52809143066406,16.075138092041016,240.54666137695312
2022-07-19,148.16485595703125,118.20999908447266,251.64773559570312,16.964706420898438,245.52999877929688
2022-07-20,150.16653442382812,122.7699966430664,254.30447387695312,17.77839469909668,247.5
2022-07-21,152.43316650390625,124.62999725341797,256.79644775390625,18.02100372314453,271.7066650390625
2022-07-22,151.19680786132812,122.41999816894531,252.45249938964844,17.29117774963379,272.24334716796875
2022-07-25,150.07821655273438,121.13999938964844,250.968994140625,16.99665641784668,268.4333190917969
2022-07-26,148.75360107421875,114.80999755859375,244.2494659423828,16.506444931030273,258.8599853515625
2022-07-27,153.84608459472656,120.97000122070312,260.5779724121094,17.761423110961914,274.82000732421875
2022-07-28,154.3956298828125,122.27999877929688,268.01507568359375,17.95511245727539,280.8999938964844
2022-07-29,159.458740234375,134.9499969482422,272.2135314941406,18.133825302124023,297.1499938964844
2022-08-01,158.4774932861328,135.38999938964844,269.5664978027344,18.411376953125,297.27667236328125
2022-08-02,157.00564575195312,134.16000366210938,266.47332763671875,18.496238708496094,300.586669921875
2022-08-03,163.01075744628906,139.52000427246094,273.89105224609375,18.862651824951172,307.39666748046875
2022-08-04,162.69676208496094,142.57000732421875,275.03515625,19.18413543701172,308.6333312988281
2022-08-05,162.47076416015625,140.8000030517578,274.3176574707031,18.958494186401367,288.1700134277344
2022-08-08,161.99913024902344,139.41000366210938,271.8063049316406,17.764419555664062,290.42333984375
2022-08-09,162.0482635498047,137.8300018310547,273.7262268066406,17.058551788330078,283.3333435058594
2022-08-10,166.2930145263672,142.69000244140625,280.37786865234375,18.067930221557617,294.3566589355469
2022-08-11,165.5561065673828,140.63999938964844,278.3028564453125,17.91318130493164,286.6300048828125
2022-08-12,169.1032257080078,143.5500030517578,283.0443420410156,18.67894744873047,300.0299987792969
2022-08-15,170.17425537109375,143.17999267578125,284.5569152832031,19.001428604125977,309.32000732421875
2022-08-16,170.0170440673828,144.77999877929688,283.82000732421875,18.848670959472656,306.5633239746094
2022-08-17,171.51058959960938,142.10000610351562,283.07183837890625,18.305545806884766,303.9966735839844
2022-08-18,171.11753845214844,142.3000030517578,281.95440673828125,18.74284553527832,302.8699951171875
2022-08-19,168.53334045410156,138.22999572753906,278.04815673828125,17.820329666137695,296.6666564941406
2022-08-22,164.65213012695312,133.22000122070312,269.88604736328125,17.006635665893555,289.913330078125
2022-08-23,164.3180389404297,133.6199951171875,268.61309814453125,17.153400421142578,296.4533386230469
2022-08-24,164.61280822753906,133.8000030517578,267.9814758300781,17.1943359375,297.0966796875
2022-08-25,167.0692901611328,137.27999877929688,270.954833984375,17.88422966003418,296.07000732421875
2022-08-26,160.7708740234375,130.75,260.49951171875,16.23387908935547,288.0899963378906
2022-08-29,158.5699005126953,129.7899932861328,257.7205810546875,15.775617599487305,284.82000732421875
2022-08-30,156.14291381835938,128.72999572753906,255.52444458007812,15.443153381347656,277.70001220703125
2022-08-31,154.48236083984375,126.7699966430664,254.06695556640625,15.069753646850586,275.6099853515625
2022-09-01,155.20947265625,127.81999969482422,253.02723693847656,13.914613723754883,277.1600036621094
2022-09-02,153.09690856933594,127.51000213623047,248.81016540527344,13.625080108642578,270.2099914550781
2022-09-06,151.8391876220703,126.11000061035156,246.07969665527344,13.443370819091797,274.4200134277344
2022-09-07,153.24424743652344,129.47999572753906,250.7826385498047,13.696039199829102,283.70001220703125
2022-09-08,151.7703857421875,129.82000732421875,251.20046997070312,13.971675872802734,289.260009765625
2022-09-09,154.62969970703125,133.27000427246094,256.9723205566406,14.368158340454102,299.67999267578125
2022-09-12,160.5841827392578,136.4499969482422,259.100341796875,14.486003875732422,304.4200134277344
2022-09-13,151.16119384765625,126.81999969482422,244.85536193847656,13.113802909851074,292.1300048828125
2022-09-14,152.60560607910156,128.5500030517578,245.07887268066406,13.110807418823242,302.6099853515625
2022-09-15,149.7167510986328,126.27999877929688,238.43255615234375,12.912068367004395,303.75
2022-09-16,148.07586669921875,123.52999877929688,237.81065368652344,13.180715560913086,303.3500061035156
2022-09-19,151.7900390625,124.66000366210938,237.596923828125,13.364474296569824,309.07000732421875
2022-09-20,154.16790771484375,122.19000244140625,235.58546447753906,13.15874195098877,308.7300109863281
2022-09-21,151.0432891845703,118.54000091552734,232.1845703125,13.243631362915039,300.79998779296875
2022-09-22,150.0803680419922,117.30999755859375,234.1571044921875,12.544549942016602,288.5899963378906
2022-09-23,147.8105926513672,113.77999877929688,231.1837158203125,12.499608039855957,275.3299865722656
2022-09-26,148.1446533203125,115.1500015258789,230.72705078125,12.21198558807373,276.010009765625
2022-09-27,149.11741638183594,114.41000366210938,229.7164764404297,12.396744728088379,282.94000244140625
2022-09-28,147.23085021972656,118.01000213623047,234.24456787109375,12.719321250915527,287.80999755859375
2022-09-29,139.99900817871094,114.80000305175781,230.77565002441406,12.203995704650879,268.2099914550781
2022-09-30,135.79351806640625,113.0,226.30584716796875,12.123103141784668,265.25
2022-10-03,139.96954345703125,115.87999725341797,233.9239044189453,12.495614051818848,242.39999389648438
2022-10-04,143.5559844970703,121.08999633789062,241.83343505859375,13.14975643157959,249.44000244140625
2022-10-05,143.85073852539062,120.94999694824219,242.14439392089844,13.19170093536377,240.80999755859375
2022-10-06,142.8976287841797,120.30000305175781,239.8026123046875,13.11280345916748,238.1300048828125
2022-10-07,137.6505889892578,114.55999755859375,227.60791015625,12.06018352508545,223.07000732421875
2022-10-10,137.97486877441406,113.66999816894531,222.7592010498047,11.654714584350586,222.9600067138672
2022-10-11,136.5599365234375,112.20999908447266,219.0279541015625,11.57082748413086,216.5
2022-10-12,135.9310760498047,112.9000015258789,219.3583526611328,11.484939575195312,217.24000549316406
2022-10-13,140.50010681152344,112.52999877929688,227.60791015625,11.944334983825684,221.72000122070312
2022-10-14,135.9704132080078,106.9000015258789,222.0887451171875,11.212298393249512,204.99000549316406
2022-10-17,139.93023681640625,113.79000091552734,230.8047637939453,11.872431755065918,219.35000610351562
2022-10-18,141.24688720703125,116.36000061035156,231.747314453125,11.95132827758789,220.19000244140625
2022-10-19,141.35498046875,115.06999969482422,229.7845458984375,12.035218238830566,222.0399932861328
2022-10-20,140.8931427001953,115.25,229.46383666992188,12.178030014038086,207.27999877929688
2022-10-21,144.70559692382812,119.31999969482422,235.2648468017578,12.449671745300293,214.44000244140625
2022-10-24,146.84764099121094,119.81999969482422,240.24957275390625,12.582502365112305,211.25
2022-10-25,149.6873016357422,120.5999984741211,243.5630340576172,13.243631362915039,222.4199981689453
2022-10-26,146.7493896484375,115.66000366210938,224.7706298828125,12.879109382629395,224.63999938964844
2022-10-27,142.27859497070312,110.95999908447266,220.3300018310547,13.15874195098877,225.08999633789062
2022-10-28,153.02810668945312,103.41000366210938,229.19175720214844,13.815884590148926,228.52000427246094
2022-10-31,150.66990661621094,102.44000244140625,225.5576934814453,13.479324340820312,227.5399932861328
2022-11-01,148.02676391601562,96.79000091552734,221.70977783203125,13.525263786315918,227.82000732421875
2022-11-02,142.50462341308594,92.12000274658203,213.86830139160156,13.20168685913086,214.97999572753906
2022-11-03,136.46170043945312,89.30000305175781,208.1839141845703,13.403421401977539,215.30999755859375
2022-11-04,136.19595336914062,90.9800033569336,215.1217498779297,14.137460708618164,207.47000122070312
2022-11-07,136.72740173339844,90.52999877929688,221.4182586669922,14.282269477844238,197.0800018310547
2022-11-08,137.29827880859375,89.9800033569336,222.3899688720703,14.582877159118652,191.3000030517578
2022-11-09,132.74131774902344,86.13999938964844,218.15341186523438,13.757959365844727,177.58999633789062
2022-11-10,144.55197143554688,96.62999725341797,236.10049438476562,15.72937297821045,190.72000122070312
2022-11-11,147.3372802734375,100.79000091552734,240.11355590820312,16.30561637878418,195.97000122070312
2022-11-14,145.939697265625,98.48999786376953,234.7109832763672,16.273658752441406,190.9499969482422
2022-11-15,147.67193603515625,98.94000244140625,235.11911010742188,16.644176483154297,194.4199981689453
2022-11-16,146.441650390625,97.12000274658203,235.5478057861328,15.88916301727295,186.9199981689453
2022-11-17,148.34117126464844,94.8499984741211,235.49908447265625,15.65647029876709,183.1699981689453
2022-11-18,148.9021759033203,94.13999938964844,235.0508575439453,15.388819694519043,180.19000244140625
2022-11-21,145.67396545410156,92.45999908447266,235.859619140625,15.296941757202148,167.8699951171875
2022-11-22,147.80970764160156,93.19999694824219,238.763427734375,16.01699447631836,169.91000366210938
2022-11-23,148.68569946289062,94.12999725341797,241.24818420410156,16.497364044189453,183.1999969482422
2022-11-25,145.77236938476562,93.41000366210938,241.1605224609375,16.248689651489258,182.86000061035156
2022-11-28,141.94378662109375,93.94999694824219,235.5770721435547,15.806273460388184,182.9199981689453
2022-11-29,138.9419403076172,92.41999816894531,234.18360900878906,15.61851692199707,180.8300018310547
2022-11-30,145.6936492919922,96.54000091552734,248.61485290527344,16.90515899658203,194.6999969482422
2022-12-01,145.96923828125,95.5,248.1763916015625,17.1169376373291,194.6999969482422
2022-12-02,145.47711181640625,94.12999725341797,248.49794006347656,16.858211517333984,194.86000061035156
2022-12-05,144.3157501220703,91.01000213623047,243.8011932373047,16.592491149902344,182.4499969482422
2022-12-06,140.65443420410156,88.25,238.85107421875,15.970147132873535,179.82000732421875
2022-12-07,138.71554565429688,88.45999908447266,238.12030029296875,16.103010177612305,174.0399932861328
2022-12-08,140.39854431152344,90.3499984741211,241.07281494140625,17.150901794433594,173.44000244140625
2022-12-09,139.91632080078125,89.08999633789062,239.14344787597656,16.98307991027832,179.0500030517578
2022-12-12,142.2095184326172,90.55000305175781,246.05210876464844,17.516515731811523,167.82000732421875
2022-12-13,143.174072265625,92.48999786376953,250.34933471679688,18.052953720092773,160.9499969482422
2022-12-14,140.94970703125,91.58000183105469,250.6416778564453,17.65536880493164,156.8000030517578
2022-12-15,134.3456268310547,88.44999694824219,242.64163208007812,16.934125900268555,157.6699981689453
2022-12-16,132.3870391845703,87.86000061035156,238.43215942382812,16.553529739379883,150.22999572753906
2022-12-19,130.2808074951172,84.91999816894531,234.30055236816406,16.236867904663086,149.8699951171875
2022-12-20,130.2119140625,85.19000244140625,235.6160430908203,16.068044662475586,137.8000030517578
2022-12-21,133.31224060058594,86.7699966430664,238.1787567138672,16.483604431152344,137.57000732421875
2022-12-22,130.14303588867188,83.79000091552734,232.09835815429688,15.322829246520996,125.3499984741211
2022-12-23,129.7788543701172,85.25,232.6245574951172,15.189970970153809,123.1500015258789
2022-12-27,127.97772979736328,83.04000091552734,230.89981079101562,14.10611629486084,109.0999984741211
2022-12-28,124.05071258544922,81.81999969482422,228.53195190429688,14.021204948425293,112.70999908447266
2022-12-29,127.56439208984375,84.18000030517578,234.84622192382812,14.587606430053711,121.81999969482422
2022-12-30,127.87930297851562,84.0,233.68666076660156,14.598593711853027,123.18000030517578
2023-01-03,123.09603118896484,85.81999969482422,233.45281982421875,14.299909591674805,108.0999984741211
2023-01-04,124.36566925048828,85.13999938964844,223.24082946777344,14.733451843261719,113.63999938964844
2023-01-05,123.04680633544922,83.12000274658203,216.62449645996094,14.249961853027344,110.33999633789062
2023-01-06,127.57420349121094,86.08000183105469,219.1774444580078,14.84333610534668,113.05999755859375
2023-01-09,128.0958251953125,87.36000061035156,221.3114471435547,15.611526489257812,119.7699966430664
2023-01-10,128.6667022705078,89.87000274658203,222.9971923828125,15.892231941223145,118.8499984741211
2023-01-11,131.3831329345703,95.08999633789062,229.74021911621094,15.984132766723633,123.22000122070312
2023-01-12,131.30442810058594,95.2699966430664,232.41017150878906,16.49359130859375,123.55999755859375
2023-01-13,132.63307189941406,98.12000274658203,233.1117401123047,16.881187438964844,122.4000015258789
2023-01-17,133.79446411132812,96.05000305175781,234.203125,17.683340072631836,131.49000549316406
2023-01-18,133.0759735107422,95.45999908447266,229.77920532226562,17.35868263244629,128.77999877929688
2023-01-19,133.13504028320312,93.68000030517578,225.99842834472656,16.74732780456543,127.16999816894531
2023-01-20,135.69400024414062,97.25,234.07643127441406,17.820194244384766,133.4199981689453
2023-01-23,138.88287353515625,97.5199966430664,236.37606811523438,19.17276954650879,143.75
2023-01-24,140.28045654296875,96.31999969482422,235.8498992919922,19.244693756103516,143.88999938964844
2023-01-25,139.6210174560547,97.18000030517578,234.45645141601562,19.30263328552246,144.42999267578125
2023-01-26,141.68788146972656,99.22000122070312,241.657470703125,19.781129837036133,160.27000427246094
2023-01-27,143.62677001953125,102.23999786376953,241.81338500976562,20.343534469604492,177.89999389648438
2023-01-30,140.74305725097656,100.55000305175781,236.5027618408203,19.141799926757812,166.66000366210938
2023-01-31,142.01268005371094,103.12999725341797,241.4723358154297,19.51640510559082,173.22000122070312
2023-02-01,143.13465881347656,105.1500015258789,246.28594970703125,20.920923233032227,181.41000366210938
2023-02-02,148.43963623046875,112.91000366210938,257.83294677734375,21.686113357543945,188.27000427246094
2023-02-03,152.0615234375,103.38999938964844,251.74278259277344,21.0777530670166,189.97999572753906
2023-02-06,149.33522033691406,102.18000030517578,250.203125,21.066770553588867,194.75999450683594
2023-02-07,152.2091827392578,102.11000061035156,260.7171936035156,22.149625778198242,196.80999755859375
2023-02-08,149.52224731445312,100.05000305175781,259.9084777832031,22.18159294128418,201.2899932861328
2023-02-09,148.48880004882812,98.23999786376953,256.87799072265625,22.313453674316406,207.32000732421875
2023-02-10,148.853515625,97.61000061035156,256.3712463378906,21.24258041381836,196.88999938964844
2023-02-13,151.65296936035156,99.54000091552734,264.3811340332031,21.765029907226562,194.63999938964844
2023-02-14,151.0122833251953,99.69999694824219,265.2093505859375,22.946786880493164,209.25
2023-02-15,153.11184692382812,101.16000366210938,263.0895080566406,22.740001678466797,214.24000549316406
2023-02-16,151.51498413085938,98.1500015258789,256.0853271484375,21.978809356689453,202.0399932861328
2023-02-17,150.37155151367188,97.19999694824219,252.0900115966797,21.365455627441406,208.30999755859375
2023-02-21,146.35968017578125,94.58000183105469,246.82470703125,20.63322639465332,197.3699951171875
2023-02-22,146.78355407714844,95.79000091552734,245.6915283203125,20.73212432861328,200.86000061035156
2023-02-23,147.2665252685547,95.81999969482422,248.87612915039062,23.639053344726562,202.07000732421875
2023-02-24,144.6149444580078,93.5,243.45449829101562,23.261455535888672,196.8800048828125
2023-02-27,145.8076629638672,93.76000213623047,244.37278747558594,23.476226806640625,207.6300048828125
2023-02-28,145.30496215820312,94.2300033569336,243.64987182617188,23.191526412963867,205.7100067138672
2023-03-01,143.2349395751953,92.16999816894531,240.57275390625,22.674072265625,202.77000427246094
2023-03-02,143.82638549804688,92.12999725341797,245.30081176757812,23.2894229888916,190.89999389648438
2023-03-03,148.87327575683594,94.9000015258789,249.3840789794922,23.864816665649414,197.7899932861328
2023-03-06,151.6332550048828,93.75,250.9275665283203,23.529170989990234,193.80999755859375
2023-03-07,149.4351348876953,93.55000305175781,248.2704620361328,23.26740264892578,187.7100067138672
2023-03-08,150.6869659423828,93.91999816894531,247.8308563232422,24.159608840942383,182.0
2023-03-09,148.4395294189453,92.25,246.48281860351562,23.41526985168457,172.9199981689453
2023-03-10,146.37937927246094,90.7300033569336,242.83909606933594,22.94468879699707,173.44000244140625
2023-03-13,148.32127380371094,92.43000030517578,248.0457763671875,22.945688247680664,174.47999572753906
2023-03-14,150.41094970703125,94.87999725341797,254.7568817138672,24.041715621948242,183.25999450683594
2023-03-15,150.80526733398438,96.19999694824219,259.29931640625,24.20656967163086,180.4499969482422
2023-03-16,153.62442016601562,100.04000091552734,269.81036376953125,25.51841163635254,184.1300048828125
2023-03-17,152.7865753173828,98.94999694824219,272.96563720703125,25.70224952697754,180.1300048828125
2023-03-20,155.15228271484375,97.70999908447266,265.9321594238281,25.877094268798828,183.25
2023-03-21,157.0054168701172,100.61000061035156,267.4463195800781,26.17582893371582,197.5800018310547
2023-03-22,155.5761260986328,98.69999694824219,265.9908447265625,26.444589614868164,191.14999389648438
2023-03-23,156.66043090820312,98.70999908447266,271.236572265625,27.166948318481445,192.22000122070312
2023-03-24,157.9615936279297,98.12999725341797,274.0792541503906,26.75531578063965,190.41000366210938
2023-03-27,156.01976013183594,98.04000091552734,269.9861755371094,26.507535934448242,191.80999755859375
2023-03-28,155.39871215820312,97.23999786376953,268.86279296875,26.386638641357422,189.19000244140625
2023-03-29,158.4741668701172,100.25,274.0206604003906,26.96013069152832,193.8800048828125
2023-03-30,160.04150390625,102.0,277.47869873046875,27.358781814575195,195.27999877929688
2023-03-31,162.545166015625,103.29000091552734,281.6304626464844,27.75242805480957,207.4600067138672
2023-04-03,163.7970428466797,102.41000366210938,280.5851745605469,27.94025993347168,194.77000427246094
2023-04-04,163.2647705078125,103.94999694824219,280.5363464355469,27.42871856689453,192.5800018310547
2023-04-05,161.42144775390625,101.0999984741211,277.76202392578125,26.85722541809082,185.52000427246094
2023-04-06,162.30862426757812,102.05999755859375,284.8541259765625,27.013084411621094,185.05999755859375
2023-04-10,159.71617126464844,102.16999816894531,282.6952209472656,27.554609298706055,184.50999450683594
2023-04-11,158.5037384033203,99.91999816894531,276.2869873046875,27.144969940185547,186.7899932861328
2023-04-12,157.813720703125,97.83000183105469,276.9317321777344,26.47157096862793,180.5399932861328
2023-04-13,163.19577026367188,102.4000015258789,283.134765625,26.439594268798828,185.89999389648438
2023-04-14,162.8507537841797,102.51000213623047,279.5203857421875,26.734331130981445,185.0
2023-04-17,162.87046813964844,102.73999786376953,282.11883544921875,26.978118896484375,187.0399932861328
2023-04-18,164.0927734375,102.30000305175781,281.6988525390625,27.64252471923828,184.30999755859375
2023-04-19,165.23617553710938,104.30000305175781,281.7769775390625,27.90629768371582,180.58999633789062
2023-04-20,164.2702178955078,103.80999755859375,279.4910583496094,27.08003044128418,162.99000549316406
2023-04-21,162.66348266601562,106.95999908447266,279.1492004394531,27.09501075744629,165.0800018310547
2023-04-24,162.9690704345703,106.20999908447266,275.2514953613281,27.018081665039062,162.5500030517578
2023-04-25,161.4313201904297,102.56999969482422,269.0484313964844,26.217792510986328,160.6699981689453
2023-04-26,161.42144775390625,104.9800033569336,288.536865234375,26.932159423828125,153.75
2023-04-27,166.00506591796875,109.81999969482422,297.7779846191406,27.20191764831543,160.19000244140625
2023-04-28,167.25689697265625,105.44999694824219,300.1518249511719,27.724456787109375,164.30999755859375
2023-05-01,167.168212890625,102.05000305175781,298.4911804199219,28.884429931640625,161.8300018310547
2023-05-02,166.13319396972656,103.62999725341797,298.3446044921875,28.185049057006836,160.30999755859375
2023-05-03,165.05877685546875,103.6500015258789,297.3579406738281,27.777408599853516,160.61000061035156
2023-05-04,163.4224853515625,104.0,298.3446044921875,27.537622451782227,161.1999969482422
2023-05-05,171.09140014648438,105.66000366210938,303.4634094238281,28.654632568359375,170.05999755859375
2023-05-08,171.02239990234375,105.83000183105469,301.5096435546875,29.125213623046875,171.7899932861328
2023-05-09,169.3170623779297,106.62000274658203,299.8977966308594,28.54572868347168,169.14999389648438
2023-05-10,171.08154296875,110.19000244140625,305.0849914550781,28.859453201293945,168.5399932861328
2023-05-11,171.268798828125,112.18000030517578,302.93585205078125,28.55272102355957,172.0800018310547
2023-05-12,170.34095764160156,110.26000213623047,301.822265625,28.31493377685547,167.97999572753906
2023-05-15,169.84742736816406,111.19999694824219,302.3009033203125,28.927392959594727,166.35000610351562
2023-05-16,169.84742736816406,113.4000015258789,304.5281677246094,29.187162399291992,166.52000427246094
2023-05-17,170.45941162109375,115.5,307.40643310546875,30.15130615234375,173.86000061035156
2023-05-18,172.7889404296875,118.1500015258789,311.8315734863281,31.649980545043945,176.88999938964844
2023-05-19,172.89749145507812,116.25,311.6552734375,31.236343383789062,180.13999938964844
2023-05-22,171.94989013671875,115.01000213623047,314.4356384277344,31.148427963256836,188.8699951171875
2023-05-23,169.34397888183594,114.98999786376953,308.63995361328125,30.66085433959961,185.77000427246094
2023-05-24,169.620361328125,116.75,307.2595520019531,30.5109920501709,182.89999389648438
2023-05-25,170.7555389404297,115.0,319.0761413574219,37.946414947509766,184.47000122070312
2023-05-26,173.1639862060547,120.11000061035156,325.8997802734375,38.91154861450195,193.1699981689453
2023-05-30,175.00987243652344,121.66000366210938,324.25506591796875,40.075523376464844,201.16000366210938
2023-05-31,174.9605255126953,120.58000183105469,321.49432373046875,37.800540924072266,203.92999267578125
2023-06-01,177.7637939453125,122.7699966430664,325.59625244140625,39.73482131958008,207.52000427246094
2023-06-02,178.61268615722656,124.25,328.3570556640625,39.29222106933594,213.97000122070312
2023-06-05,177.2604217529297,125.30000305175781,328.8857116699219,39.136348724365234,217.61000061035156
2023-06-06,176.8951873779297,126.61000061035156,326.6731872558594,38.619808197021484,221.30999755859375
2023-06-07,175.52316284179688,121.2300033569336,316.5894775390625,37.44572830200195,224.57000732421875
2023-06-08,178.2376251220703,124.25,318.4300231933594,38.47991943359375,234.86000061035156
2023-06-09,178.62258911132812,123.43000030517578,319.92791748046875,38.73971939086914,244.39999389648438
2023-06-12,181.41603088378906,126.56999969482422,324.881591796875,39.45115661621094,249.8300018310547
2023-06-13,180.94223022460938,126.66000366210938,327.2703552246094,40.989959716796875,258.7099914550781
2023-06-14,181.573974609375,126.41999816894531,330.2563171386719,42.96342086791992,256.7900085449219
2023-06-15,183.60731506347656,127.11000061035156,340.7904052734375,42.619686126708984,255.89999389648438
2023-06-16,182.5314483642578,125.48999786376953,335.14154052734375,42.65864944458008,260.5400085449219
2023-06-20,182.62025451660156,125.77999877929688,330.951416015625,43.773780822753906,274.45001220703125
2023-06-21,181.58383178710938,124.83000183105469,326.55572509765625,43.011383056640625,259.4599914550781
2023-06-22,184.5845489501953,130.14999389648438,332.5765380859375,42.99139404296875,264.6099853515625
2023-06-23,184.26869201660156,129.3300018310547,327.9850769042969,42.17603302001953,256.6000061035156
2023-06-26,182.87693786621094,127.33000183105469,321.6998596191406,40.60026931762695,241.0500030517578
2023-06-27,185.63088989257812,129.17999267578125,327.5445251464844,41.84328842163086,250.2100067138672
2023-06-28,186.8054656982422,129.0399932861328,328.797607421875,41.08488464355469,256.239990234375
2023-06-29,187.14111328125,127.9000015258789,328.014404296875,40.79010772705078,257.5
2023-06-30,191.4645233154297,130.36000061035156,333.38909912109375,42.26895523071289,261.7699890136719
2023-07-03,189.97406005859375,130.22000122070312,330.8927001953125,42.37986755371094,279.82000732421875
2023-07-05,188.85861206054688,130.3800048828125,331.04931640625,42.2839469909668,282.4800109863281
2023-07-06,189.33241271972656,128.36000061035156,334.1037902832031,42.07011413574219,276.5400085449219
2023-07-07,188.21702575683594,129.77999877929688,330.138916015625,42.46979904174805,274.42999267578125
2023-07-10,186.17373657226562,127.12999725341797,324.8619689941406,42.14705276489258,269.6099853515625
2023-07-11,185.65060424804688,128.77999877929688,325.4886169433594,42.37187957763672,269.7900085449219
2023-07-12,187.3187713623047,130.8000030517578,330.1192932128906,43.867706298828125,271.989990234375
2023-07-13,188.07882690429688,134.3000030517578,335.464599609375,45.941097259521484,277.8999938964844
2023-07-14,188.22689819335938,134.67999267578125,337.9903869628906,45.43347930908203,281.3800048828125
2023-07-17,191.4842529296875,133.55999755859375,338.4701843261719,46.424705505371094,290.3800048828125
2023-07-18,191.22763061523438,132.8300018310547,351.9412536621094,47.456905364990234,293.3399963378906
2023-07-19,192.57992553710938,135.36000061035156,347.623779296875,47.040225982666016,291.260009765625
2023-07-20,190.6353759765625,129.9600067138672,339.5862121582031,45.48444366455078,262.8999938964844
2023-07-21,189.46075439453125,130.0,336.5513000488281,44.274383544921875,260.0199890136719
2023-07-24,190.2602996826172,128.8000030517578,337.8631286621094,44.57715606689453,269.05999755859375
2023-07-25,191.11903381347656,129.1300048828125,343.6099548339844,45.64331817626953,265.2799987792969
2023-07-26,191.9876708984375,128.14999389648438,330.6772766113281,45.41650390625,264.3500061035156
2023-07-27,190.72421264648438,128.25,323.7753601074219,45.86415100097656,255.7100067138672
2023-07-28,193.30050659179688,132.2100067138672,331.26470947265625,46.71348571777344,266.44000244140625
2023-07-31,193.91249084472656,133.67999267578125,328.8662414550781,46.692501068115234,267.42999267578125
2023-08-01,193.0833282470703,131.69000244140625,329.27728271484375,46.47067642211914,261.07000732421875
2023-08-02,190.0924835205078,128.2100067138672,320.6228942871094,44.23442459106445,254.11000061035156
2023-08-03,188.70068359375,128.91000366210938,319.80059814453125,44.480228424072266,259.32000732421875
2023-08-04,179.63929748535156,139.57000732421875,320.8970642089844,44.645103454589844,253.86000061035156
2023-08-07,176.5398406982422,142.22000122070312,323.1781311035156,45.38152313232422,251.4499969482422
2023-08-08,177.4775848388672,139.94000244140625,319.2033386230469,44.629119873046875,249.6999969482422
2023-08-09,175.88836669921875,137.85000610351562,315.463623046875,42.52075958251953,242.19000244140625
2023-08-10,175.67120361328125,138.55999755859375,316.1488952636719,42.35489273071289,245.33999633789062
2023-08-11,175.73049926757812,138.41000366210938,314.2692565917969,40.82309341430664,242.64999389648438
2023-08-14,177.38116455078125,140.57000732421875,317.2355651855469,43.718814849853516,239.75999450683594
2023-08-15,175.3944549560547,137.6699981689453,315.1013488769531,43.905677795410156,232.9600067138672
2023-08-16,174.5246124267578,135.07000732421875,314.3361511230469,43.4520263671875,225.60000610351562
2023-08-17,171.98439025878906,133.97999572753906,310.8827819824219,43.31013870239258,219.22000122070312
2023-08-18,172.46871948242188,133.22000122070312,310.4903564453125,43.265174865722656,215.49000549316406
2023-08-21,173.8031005859375,134.67999267578125,315.78814697265625,46.93031692504883,231.27999877929688
2023-08-22,175.17698669433594,134.25,316.3571472167969,45.63233184814453,233.19000244140625
2023-08-23,179.02191162109375,135.52000427246094,320.8112487792969,47.079200744628906,236.86000061035156
2023-08-24,174.3368377685547,131.83999633789062,313.9143371582031,47.12615966796875,230.0399932861328
2023-08-25,176.54098510742188,133.25999450683594,316.8673095703125,45.982059478759766,238.58999633789062
2023-08-28,178.10272216796875,133.13999938964844,317.57366943359375,46.79841995239258,238.82000732421875
2023-08-29,181.98715209960938,134.91000366210938,322.1945495605469,48.74589538574219,257.17999267578125
2023-08-30,185.47628784179688,135.07000732421875,322.5673828125,49.22552490234375,256.8999938964844
2023-08-31,185.69374084472656,138.00999450683594,321.556884765625,49.31644821166992,258.0799865722656
2023-09-01,187.26531982421875,138.1199951171875,322.4398498535156,48.47111129760742,245.00999450683594
2023-09-05,187.50253295898438,137.27000427246094,327.23724365234375,48.51008605957031,256.489990234375
2023-09-06,180.79116821289062,135.36000061035156,326.58001708984375,47.02811050415039,251.9199981689453
2023-09-07,175.50314331054688,137.85000610351562,323.66619873046875,46.20868682861328,251.49000549316406
2023-09-08,176.11598205566406,138.22999572753906,327.943603515625,45.540157318115234,248.5
2023-09-11,177.28231811523438,143.10000610351562,331.544189453125,45.14643096923828,273.5799865722656
2023-09-12,174.25778198242188,141.22999572753906,325.4909362792969,44.83864212036133,267.4800109863281
2023-09-13,172.19198608398438,144.85000610351562,329.6997985839844,45.453216552734375,271.29998779296875
2023-09-14,173.7042694091797,144.72000122070312,332.289794921875,45.54915237426758,276.0400085449219
2023-09-15,172.98269653320312,140.38999938964844,323.97027587890625,43.86932373046875,274.3900146484375
2023-09-18,175.9084014892578,139.97999572753906,322.8322448730469,43.93527603149414,265.2799987792969
2023-09-19,176.99569702148438,137.6300048828125,322.42999267578125,43.48958969116211,266.5
2023-09-20,173.4571533203125,135.2899932861328,314.69915771484375,42.20949172973633,262.5899963378906
2023-09-21,171.9152069091797,129.3300018310547,313.4825744628906,40.988338470458984,255.6999969482422
2023-09-22,172.7652587890625,129.1199951171875,311.0103759765625,41.5809211730957,244.8800048828125
2023-09-25,174.04031372070312,131.27000427246094,311.5302734375,42.19249725341797,246.99000549316406
2023-09-26,169.96804809570312,125.9800033569336,306.2325439453125,41.8817138671875,244.1199951171875
2023-09-27,168.4557647705078,125.9800033569336,306.8702392578125,42.438316345214844,240.5
2023-09-28,168.7127685546875,125.9800033569336,307.70416259765625,43.05888748168945,246.3800048828125
2023-09-29,169.22671508789062,127.12000274658203,309.77423095703125,43.46860885620117,250.22000122070312
2023-10-02,171.73728942871094,129.4600067138672,315.70965576171875,44.75070571899414,251.60000610351562
2023-10-03,170.40293884277344,124.72000122070312,307.45880126953125,43.48658752441406,246.52999877929688
2023-10-04,171.64834594726562,127.0,312.92340087890625,44.01022720336914,261.1600036621094
2023-10-05,172.88388061523438,125.95999908447266,313.3158264160156,44.65677261352539,260.04998779296875
2023-10-06,175.43397521972656,127.95999908447266,321.0663146972656,45.730018615722656,260.5299987792969
2023-10-09,176.91661071777344,128.25999450683594,323.5779113769531,45.241363525390625,259.6700134277344
2023-10-10,176.32357788085938,129.47999572753906,322.17498779296875,45.76599884033203,263.6199951171875
2023-10-11,177.7172393798828,131.8300018310547,326.12872314453125,46.773292541503906,262.989990234375
2023-10-12,178.61669921875,132.3300018310547,324.8925476074219,46.91219711303711,258.8699951171875
2023-10-13,176.77822875976562,129.7899932861328,321.5274658203125,45.429229736328125,251.1199951171875
2023-10-16,176.64971923828125,132.5500030517578,326.3445129394531,46.06278991699219,253.9199981689453
2023-10-17,175.097900390625,131.47000122070312,325.7754211425781,43.90729904174805,254.85000610351562
2023-10-18,173.8031005859375,128.1300048828125,323.86236572265625,42.16651153564453,242.67999267578125
2023-10-19,173.427490234375,128.39999389648438,325.04949951171875,42.07158279418945,220.11000061035156
2023-10-20,170.87738037109375,125.16999816894531,320.487548828125,41.35807418823242,211.99000549316406
2023-10-23,170.99600219726562,126.55999755859375,323.08734130859375,42.94497299194336,212.0800018310547
2023-10-24,171.430908203125,128.55999755859375,324.2744140625,43.63249206542969,216.52000427246094
2023-10-25,169.1179962158203,121.38999938964844,334.2225036621094,41.74980926513672,212.4199981689453
2023-10-26,164.956787109375,119.56999969482422,321.6843566894531,40.29781723022461,205.75999450683594
2023-10-27,166.27137756347656,127.73999786376953,323.5680236816406,40.47169876098633,207.3000030517578
2023-10-30,168.31736755371094,132.7100067138672,330.92608642578125,41.132232666015625,197.36000061035156
2023-10-31,168.79185485839844,133.08999633789062,331.7109375,40.751502990722656,200.83999633789062
2023-11-01,171.9547576904297,137.0,339.52032470703125,42.29542541503906,205.66000366210938
2023-11-02,175.51307678222656,138.07000732421875,341.72772216796875,43.4755973815918,218.50999450683594
2023-11-03,174.6036834716797,138.60000610351562,346.1229553222656,44.97355270385742,219.9600067138672
2023-11-06,177.15382385253906,139.74000549316406,349.7823486328125,45.719032287597656,219.27000427246094
2023-11-07,179.71385192871094,142.7100067138672,353.7066955566406,45.92288589477539,222.17999267578125
2023-11-08,180.7714385986328,142.0800018310547,356.3261413574219,46.54145812988281,222.11000061035156
2023-11-09,180.29698181152344,140.60000610351562,353.8636779785156,46.91719436645508,209.97999572753906
2023-11-10,184.48348999023438,143.55999755859375,362.6737060546875,48.301231384277344,214.64999389648438
2023-11-13,182.8999481201172,142.58999633789062,359.7402038574219,48.586021423339844,223.7100067138672
2023-11-14,185.51280212402344,145.8000030517578,363.2622985839844,49.62130355834961,237.41000366210938
2023-11-15,186.07691955566406,143.1999969482422,363.4097900390625,48.853843688964844,242.83999633789062
2023-11-16,187.7594757080078,142.8300018310547,369.7997131347656,49.44542694091797,233.58999633789062
2023-11-17,187.7396697998047,145.17999267578125,363.5867004394531,49.263553619384766,234.3000030517578
2023-11-20,189.48155212402344,146.1300048828125,371.04815673828125,50.37377166748047,235.60000610351562
2023-11-21,188.67987060546875,143.89999389648438,366.7522277832031,49.90909957885742,241.1999969482422
2023-11-22,189.34300231933594,146.7100067138672,371.4512939453125,48.68196105957031,234.2100067138672
2023-11-24,188.0167999267578,146.74000549316406,371.0383605957031,47.74262237548828,235.4499969482422
2023-11-27,187.83863830566406,147.72999572753906,372.1983947753906,48.208290100097656,236.0800018310547
2023-11-28,188.44235229492188,147.02999877929688,376.21917724609375,47.78758239746094,246.72000122070312
2023-11-29,187.42298889160156,146.32000732421875,372.4343566894531,48.106361389160156,244.13999938964844
2023-11-30,187.99697875976562,146.08999633789062,372.4932556152344,46.73731994628906,240.0800018310547
2023-12-01,189.2737274169922,147.02999877929688,368.1678161621094,46.73232650756836,238.8300018310547
2023-12-04,187.48233032226562,144.83999633789062,362.8887939453125,45.47819519042969,235.5800018310547
2023-12-05,191.43130493164062,146.8800048828125,366.21148681640625,46.53755569458008,238.72000122070312
2023-12-06,190.3426513671875,144.52000427246094,362.55450439453125,45.47520446777344,239.3699951171875
2023-12-07,192.2725830078125,146.8800048828125,364.66815185546875,46.56753158569336,242.63999938964844
2023-12-08,193.69776916503906,147.4199981689453,367.8925476074219,47.47697830200195,243.83999633789062
2023-12-11,191.19378662109375,145.88999938964844,365.0121765136719,46.59851837158203,239.74000549316406
2023-12-12,192.7080535888672,147.47999572753906,368.03997802734375,47.627891540527344,237.00999450683594
2023-12-13,195.9246368408203,148.83999633789062,368.0302429199219,48.058624267578125,239.2899932861328
2023-12-14,196.07308959960938,147.4199981689453,359.733154296875,48.32045364379883,251.0500030517578
2023-12-15,195.5386505126953,149.97000122070312,364.4518737792969,48.860130310058594,253.5
2023-12-18,193.87591552734375,154.07000732421875,366.3393249511719,50.04640579223633,252.0800018310547
2023-12-19,194.91513061523438,153.7899932861328,366.9389953613281,49.57369613647461,257.2200012207031
2023-12-20,192.8268280029297,152.1199951171875,364.3436584472656,48.081607818603516,247.13999938964844
2023-12-21,192.6783447265625,153.83999633789062,367.2142639160156,48.960079193115234,254.5
2023-12-22,191.60948181152344,153.4199981689453,368.236572265625,48.8001708984375,252.5399932861328
2023-12-26,191.0651397705078,153.41000366210938,368.3152770996094,49.2488899230957,256.6099853515625
2023-12-27,191.1640625,153.33999633789062,367.73529052734375,49.386810302734375,261.44000244140625
2023-12-28,191.5896759033203,153.3800048828125,368.9247741699219,49.49174499511719,253.17999267578125
2023-12-29,190.55047607421875,151.94000244140625,369.67193603515625,49.49174499511719,248.47999572753906
2024-01-02,183.73129272460938,149.92999267578125,364.5894775390625,48.138572692871094,248.4199981689453
2024-01-03,182.35560607910156,148.47000122070312,364.3240051269531,47.53993606567383,238.4499969482422
2024-01-04,180.03964233398438,144.57000732421875,361.7090759277344,47.968685150146484,237.92999267578125
2024-01-05,179.31716918945312,145.24000549316406,361.5223083496094,49.06700134277344,237.49000549316406
2024-01-08,183.6521453857422,149.10000610351562,368.3448181152344,52.22107696533203,240.4499969482422
2024-01-09,183.2364501953125,151.3699951171875,369.4261169433594,53.10753631591797,234.9600067138672
2024-01-10,184.27566528320312,153.72999572753906,376.28790283203125,54.31679916381836,233.94000244140625
2024-01-11,183.68182373046875,155.17999267578125,378.1164245605469,54.78850555419922,227.22000122070312
2024-01-12,184.0084228515625,154.6199951171875,381.89141845703125,54.67657470703125,218.88999938964844
2024-01-16,181.74197387695312,153.16000366210938,383.66094970703125,56.34755325317383,219.91000366210938
2024-01-17,180.80174255371094,151.7100067138672,382.87445068359375,56.01876449584961,215.5500030517578
2024-01-18,186.6905517578125,153.5,387.1999206542969,57.072113037109375,211.8800048828125
2024-01-19,189.59042358398438,155.33999633789062,391.9186706542969,59.45466232299805,212.19000244140625
2024-01-22,191.89649963378906,154.77999877929688,389.7952575683594,59.617557525634766,208.8000030517578
2024-01-23,193.17323303222656,156.02000427246094,392.144775390625,59.83642578125,209.13999938964844
2024-01-24,192.5001983642578,156.8699951171875,395.7427978515625,61.32450866699219,207.8300018310547
2024-01-25,192.17361450195312,157.75,398.013671875,61.57936096191406,182.6300048828125
2024-01-26,190.44158935546875,159.1199951171875,397.089599609375,60.993717193603516,183.25
2024-01-29,189.75868225097656,161.25999450683594,402.78155517578125,62.42683792114258,190.92999267578125
2024-01-30,186.1066131591797,159.0,401.6706848144531,62.735652923583984,191.58999633789062
2024-01-31,182.5040283203125,155.1999969482422,390.84716796875,61.48941421508789,187.2899932861328
2024-02-01,184.9387664794922,159.27999877929688,396.942138671875,62.98849105834961,188.86000061035156
2024-02-02,183.9391632080078,171.80999755859375,404.256103515625,66.11958312988281,187.91000366210938
2024-02-05,185.7503204345703,170.30999755859375,398.780517578125,69.28964233398438,181.05999755859375
2024-02-06,187.3536834716797,169.14999389648438,398.6231689453125,68.18132019042969,185.10000610351562
2024-02-07,187.46253967285156,170.52999877929688,407.0382080078125,70.05616760253906,187.5800018310547
2024-02-08,186.3837432861328,169.83999633789062,407.0971984863281,69.59844970703125,189.55999755859375
2024-02-09,187.1468048095703,174.4499969482422,413.4281005859375,72.08895874023438,193.57000732421875
2024-02-12,185.46214294433594,172.33999633789062,408.2277526855469,72.20386505126953,188.1300048828125
2024-02-13,183.37115478515625,168.63999938964844,399.4391174316406,72.08395385742188,184.02000427246094
2024-02-14,182.48916625976562,170.97999572753906,403.2998352050781,73.85486602783203,188.7100067138672
2024-02-15,182.20181274414062,169.8000030517578,400.4141845703125,72.61360931396484,200.4499969482422
2024-02-16,180.66578674316406,169.50999450683594,397.95196533203125,72.56864166259766,199.9499969482422
2024-02-20,179.9225311279297,167.0800018310547,396.7011413574219,69.40958404541016,193.75999450683594
2024-02-21,180.67572021484375,168.58999633789062,396.100341796875,67.4307861328125,194.77000427246094
2024-02-22,182.70721435546875,174.5800018310547,405.42718505859375,78.49002075195312,197.41000366210938
2024-02-23,180.8739013671875,174.99000549316406,404.13702392578125,78.76885986328125,191.97000122070312
2024-02-26,179.52615356445312,174.72999572753906,401.3793640136719,79.04368591308594,199.39999389648438
2024-02-27,180.98291015625,173.5399932861328,401.32025146484375,78.65291595458984,199.72999572753906
2024-02-28,179.7838134765625,173.16000366210938,401.5566711425781,77.61555480957031,202.0399932861328
2024-02-29,179.11985778808594,176.75999450683594,407.3871154785156,79.06366729736328,201.8800048828125
2024-03-01,178.03968811035156,178.22000122070312,409.218994140625,82.2287368774414,202.63999938964844
2024-03-04,173.5207977294922,177.5800018310547,408.6478271484375,85.18494415283203,188.13999938964844
2024-03-05,168.58572387695312,174.1199951171875,396.5632629394531,85.91551208496094,180.74000549316406
2024-03-06,167.59475708007812,173.50999450683594,396.0117492675781,88.64996337890625,176.5399932861328
2024-03-07,167.47581481933594,176.82000732421875,402.9551696777344,92.61672973632812,178.64999389648438
2024-03-08,169.1902313232422,175.35000610351562,400.07928466796875,87.47863006591797,175.33999633789062
2024-03-11,171.19200134277344,171.9600067138672,398.40496826171875,85.72563171386719,177.77000427246094
2024-03-12,171.6676788330078,175.38999938964844,409.0023193359375,91.86116027832031,177.5399932861328
2024-03-13,169.58660888671875,176.55999755859375,408.8251037597656,90.83673858642578,169.47999572753906
2024-03-14,171.4397430419922,178.75,418.7921142578125,87.89439392089844,162.5
2024-03-15,171.06317138671875,174.4199981689453,410.1251220703125,87.7874526977539,163.57000732421875
2024-03-18,172.1532440185547,174.47999572753906,411.0115051269531,88.40512084960938,173.8000030517578
2024-03-19,174.49195861816406,175.89999389648438,415.03973388671875,89.34757995605469,171.32000732421875
2024-03-20,177.05860900878906,178.14999389648438,418.8019104003906,90.32102966308594,175.66000366210938
2024-03-21,169.824462890625,178.14999389648438,422.8793029785156,91.38343048095703,172.82000732421875
2024-03-22,170.72625732421875,178.8699951171875,422.2589111328125,94.2358169555664,170.8300018310547
2024-03-25,169.30914306640625,179.7100067138672,416.4677429199219,94.94841766357422,172.6300048828125
2024-03-26,168.179443359375,178.3000030517578,415.2760314941406,92.50879669189453,177.6699981689453
2024-03-27,171.74696350097656,179.8300018310547,415.0593566894531,90.19908905029297,179.8300018310547
2024-03-28,169.93345642089844,180.3800048828125,414.3601379394531,90.30503845214844,175.7899932861328
2024-04-01,168.49652099609375,180.97000122070312,418.1518859863281,90.31202697753906,175.22000122070312
2024-04-02,167.31727600097656,180.69000244140625,415.0692443847656,89.40155029296875,166.6300048828125
2024-04-03,168.1199493408203,182.41000366210938,414.0942077636719,88.91383361816406,168.3800048828125
2024-04-04,167.29745483398438,180.0,411.56304931640625,85.8565444946289,171.11000061035156
2024-04-05,168.05059814453125,185.07000732421875,419.0875549316406,87.9583740234375,164.89999389648438
2024-04-08,166.9307861328125,185.19000244140625,418.1716003417969,87.08384704589844,172.97999572753906
2024-04-09,168.13978576660156,185.6699981689453,419.8360595703125,85.30584716796875,176.8800048828125
2024-04-10,166.26683044433594,185.9499969482422,416.8617248535156,86.98990631103516,171.75999450683594
2024-04-11,173.4613800048828,189.0500030517578,421.46112060546875,90.56488800048828,174.60000610351562
2024-04-12,174.95774841308594,186.1300048828125,415.52227783203125,88.13626861572266,171.0500030517578
2024-04-15,171.13253784179688,183.6199951171875,407.3871154785156,85.95248413085938,161.47999572753906
2024-04-16,167.85240173339844,183.32000732421875,408.31292724609375,87.36569213867188,157.11000061035156
2024-04-17,166.48484802246094,181.27999877929688,405.6143798828125,83.98760223388672,155.4499969482422
2024-04-18,165.53350830078125,179.22000122070312,398.15875244140625,84.62324523925781,149.92999267578125
2024-04-19,163.5118865966797,174.6300048828125,393.08660888671875,76.15702819824219,147.0500030517578
2024-04-22,164.34429931640625,177.22999572753906,394.8988037109375,79.47315216064453,142.0500030517578
2024-04-23,165.39474487304688,179.5399932861328,401.4089050292969,82.37651824951172,144.67999267578125
2024-04-24,167.49566650390625,176.58999633789062,402.8763732910156,79.63206481933594,162.1300048828125
2024-04-25,168.35780334472656,173.6699981689453,393.0078430175781,82.58539581298828,170.17999267578125
2024-04-26,167.7731170654297,179.6199951171875,400.177734375,87.68553161621094,168.2899932861328
2024-04-29,171.93524169921875,180.9600067138672,396.1692810058594,87.70751190185547,194.0500030517578
2024-04-30,168.79383850097656,175.0,383.4446716308594,86.353271484375,183.27999877929688
2024-05-01,167.7731170654297,179.0,388.9698181152344,82.99414825439453,179.99000549316406
2024-05-02,171.46946716308594,184.72000122070312,391.82598876953125,85.76860046386719,180.00999450683594
2024-05-03,181.7261505126953,186.2100067138672,400.51263427734375,88.73892211914062,181.19000244140625
2024-05-06,180.0712127685547,188.6999969482422,407.2886962890625,92.08802795410156,184.75999450683594
2024-05-07,180.75497436523438,188.75999450683594,403.1521301269531,90.5029296875,177.80999755859375
2024-05-08,181.0919189453125,188.0,404.3340148925781,90.36100769042969,174.72000122070312
2024-05-09,182.90541076660156,189.5,406.08709716796875,88.69694519042969,171.97000122070312
2024-05-10,181.6451416015625,187.47999572753906,408.4704895019531,89.82731628417969,168.47000122070312
2024-05-13,184.850341796875,186.57000732421875,407.46588134765625,90.34801483154297,171.88999938964844
2024-05-14,185.99151611328125,187.07000732421875,410.26300048828125,91.30447387695312,177.5500030517578
2024-05-15,188.26397705078125,185.99000549316406,417.4360046386719,94.57662200927734,173.99000549316406
2024-05-16,188.38304138183594,183.6300048828125,415.3739013671875,94.30577850341797,174.83999633789062
2024-05-17,188.41282653808594,184.6999969482422,414.6042785644531,92.42683410644531,177.4600067138672
2024-05-20,189.57383728027344,183.5399932861328,419.6658630371094,94.72654724121094,174.9499969482422
2024-05-21,190.87379455566406,183.14999389648438,423.3164978027344,95.33219909667969,186.60000610351562
2024-05-22,189.4348907470703,183.1300048828125,424.77679443359375,94.89644622802734,180.11000061035156
2024-05-23,185.44577026367188,181.0500030517578,421.3037414550781,103.74047088623047,173.74000549316406
2024-05-24,188.52197265625,180.75,424.42156982421875,106.40895080566406,179.24000549316406
2024-05-28,188.5319061279297,182.14999389648438,424.5794677734375,113.83675384521484,176.75
2024-05-29,188.82960510253906,182.02000427246094,423.44476318359375,114.7602310180664,176.19000244140625
2024-05-30,189.82192993164062,179.32000732421875,409.1382141113281,110.43767547607422,178.7899932861328
2024-05-31,190.77456665039062,176.44000244140625,409.59210205078125,109.57117462158203,178.0800018310547
2024-06-03,192.5408935546875,178.33999633789062,408.0035400390625,114.93514251708984,176.2899932861328
2024-06-04,192.8584442138672,179.33999633789062,410.5195617675781,116.37133026123047,174.77000427246094
2024-06-05,194.36676025390625,181.27999877929688,418.3536071777344,122.3709487915039,175.0
2024-06-06,192.9874267578125,185.0,418.8567810058594,120.92976379394531,177.94000244140625
2024-06-07,195.3789520263672,184.3000030517578,418.19573974609375,120.81982421875,177.47999572753906
2024-06-10,191.6378631591797,187.05999755859375,422.162109375,121.72130584716797,173.7899932861328
2024-06-11,205.56019592285156,187.22999572753906,426.907958984375,120.85173797607422,170.66000366210938
2024-06-12,211.4347686767578,186.88999938964844,435.1761779785156,125.13966369628906,177.2899932861328
2024-06-13,212.59579467773438,183.8300018310547,435.6892395019531,129.5475311279297,182.47000122070312
2024-06-14,210.85922241210938,183.66000366210938,436.666015625,131.8164520263672,178.00999450683594
2024-06-17,215.00714111328125,184.05999755859375,442.38861083984375,130.91688537597656,187.44000244140625
2024-06-18,212.6453857421875,182.80999755859375,440.3857116699219,135.5146484375,184.86000061035156
2024-06-20,208.07077026367188,186.10000610351562,439.7543029785156,130.71697998046875,181.57000732421875
2024-06-21,205.89761352539062,189.0800018310547,443.7798156738281,126.50898742675781,183.00999450683594
2024-06-24,206.54261779785156,185.57000732421875,441.6980285644531,118.05307006835938,182.5800018310547
2024-06-25,207.46546936035156,186.33999633789062,444.9341735839844,126.02923583984375,187.35000610351562
2024-06-26,211.61338806152344,193.61000061035156,446.1280822753906,126.3390884399414,196.3699951171875
2024-06-27,212.45687866210938,197.85000610351562,446.8088684082031,123.93025207519531,197.4199981689453
2024-06-28,209.00355529785156,193.25,440.9875793457031,123.48046875,197.8800048828125
2024-07-01,215.0865020751953,197.1999969482422,450.6371154785156,124.24010467529297,209.86000061035156
2024-07-02,218.57952880859375,200.0,453.153076171875,122.61087799072266,231.25999450683594
2024-07-03,219.8496856689453,197.58999633789062,454.6231689453125,128.21817016601562,246.38999938964844
2024-07-05,224.60292053222656,200.0,461.3226318359375,125.76936340332031,251.52000427246094
2024-07-08,226.0715789794922,199.2899932861328,460.020263671875,128.13819885253906,252.94000244140625
2024-07-09,226.92495727539062,199.33999633789062,453.4096374511719,131.3166961669922,262.3299865722656
2024-07-10,231.19195556640625,199.7899932861328,460.0301208496094,134.84498596191406,263.260009765625
2024-07-11,225.823486328125,195.0500030517578,448.6342468261719,127.3386001586914,241.02999877929688
2024-07-12,228.77066040039062,194.49000549316406,447.49951171875,129.17771911621094,248.22999572753906
2024-07-15,232.60105895996094,192.72000122070312,447.904052734375,128.3780975341797,252.63999938964844
2024-07-16,233.01785278320312,193.02000427246094,443.5233154296875,126.29910278320312,256.55999755859375
2024-07-17,227.1234588623047,187.92999267578125,437.60333251953125,117.9331283569336,248.5
2024-07-18,222.45948791503906,183.75,434.4953918457031,121.03163146972656,249.22999572753906
2024-07-19,222.58851623535156,183.1300048828125,431.27880859375,117.87316131591797,239.1999969482422
2024-07-22,222.24119567871094,182.5500030517578,437.03106689453125,123.48046875,251.50999450683594
2024-07-23,223.2831268310547,186.41000366210938,438.9156494140625,122.53091430664062,246.3800048828125
2024-07-24,216.86277770996094,180.8300018310547,423.17840576171875,114.19493865966797,215.99000549316406
2024-07-25,215.82083129882812,179.85000610351562,412.8184509277344,112.22588348388672,220.25
2024-07-26,216.2872314453125,182.5,419.59674072265625,113.00550079345703,219.8000030517578
2024-07-29,216.5651092529297,183.1999969482422,421.0373229980469,111.53622436523438,232.10000610351562
2024-07-30,217.12078857421875,181.7100067138672,417.2781677246094,103.68000793457031,222.6199951171875
2024-07-31,220.3756103515625,186.97999572753906,412.7691345214844,116.9636001586914,232.07000732421875
2024-08-01,216.68417358398438,184.07000732421875,411.5456237792969,109.1573715209961,216.86000061035156
2024-08-02,218.1726531982422,167.89999389648438,403.0406494140625,107.21829986572266,207.6699981689453
2024-08-05,207.66392517089844,161.02000427246094,389.87860107421875,100.4015884399414,198.8800048828125
2024-08-06,205.6395721435547,161.92999267578125,394.27911376953125,104.19975280761719,200.63999938964844
2024-08-07,208.209716796875,162.77000427246094,393.1148681640625,98.86233520507812,191.75999450683594
2024-08-08,211.67291259765625,165.8000030517578,397.3180236816406,104.9194107055664,198.83999633789062
2024-08-09,214.58045959472656,166.94000244140625,400.6035461425781,104.69951629638672,200.0
2024-08-12,216.1103973388672,166.8000030517578,401.383056640625,108.96745300292969,197.49000549316406
2024-08-13,219.82598876953125,170.22999572753906,408.48699951171875,116.08403015136719,207.8300018310547
2024-08-14,220.27304077148438,170.10000610351562,411.29901123046875,118.0230941772461,201.3800048828125
2024-08-15,223.2534637451172,177.58999633789062,416.162109375,122.80079650878906,214.13999938964844
2024-08-16,224.57479858398438,177.05999755859375,413.6317138671875,124.51995849609375,216.1199951171875
2024-08-19,224.41583251953125,178.22000122070312,416.65631103515625,129.93736267089844,222.72000122070312
2024-08-20,225.0317840576172,178.8800048828125,419.88848876953125,127.18867492675781,221.10000610351562
2024-08-21,224.92251586914062,180.11000061035156,419.2361755371094,128.4380645751953,223.27000427246094
2024-08-22,223.06471252441406,176.1300048828125,410.7454528808594,123.68037414550781,210.66000366210938
2024-08-23,225.35963439941406,177.0399932861328,411.97113037109375,129.30763244628906,220.32000732421875
2024-08-26,225.69740295410156,175.5,408.7093200683594,126.3990478515625,213.2100067138672
2024-08-27,226.5418701171875,173.1199951171875,409.0552673339844,128.23817443847656,209.2100067138672
2024-08-28,225.0119171142578,170.8000030517578,405.8526916503906,125.5494613647461,205.75
2024-08-29,228.29037475585938,172.1199951171875,408.3435974121094,117.5333251953125,206.27999877929688
2024-08-30,227.5055389404297,178.5,412.3171081542969,119.3124771118164,214.11000061035156
2024-09-03,221.31619262695312,176.25,404.7061462402344,107.94794464111328,210.60000610351562
2024-09-04,219.40872192382812,173.3300018310547,404.17236328125,106.15882110595703,219.41000366210938
2024-09-05,220.92874145507812,177.88999938964844,403.6682434082031,107.15834045410156,230.1699981689453
2024-09-06,219.37892150878906,171.38999938964844,397.0556335449219,102.78044891357422,210.72999572753906
2024-09-09,219.4683380126953,175.39999389648438,401.02911376953125,106.41869354248047,216.27000427246094
2024-09-10,218.67355346679688,179.5500030517578,409.4111022949219,108.04788970947266,226.1699981689453
2024-09-11,221.20692443847656,184.52000427246094,418.1488342285156,116.85366821289062,228.1300048828125
2024-09-12,221.31619262695312,187.0,422.0630798339844,119.0927734375,229.80999755859375
2024-09-13,221.0479736328125,186.49000549316406,425.6115417480469,119.05278015136719,230.2899932861328
2024-09-16,214.90829467773438,184.88999938964844,426.3528747558594,116.73370361328125,226.77999877929688
2024-09-17,215.3751983642578,186.8800048828125,430.1188659667969,115.54417419433594,227.8699951171875
2024-09-18,219.24978637695312,186.42999267578125,425.82904052734375,113.32505798339844,227.1999969482422
2024-09-19,227.3763885498047,189.8699951171875,433.617919921875,117.82327270507812,243.9199981689453
2024-09-20,226.71075439453125,191.60000610351562,430.23748779296875,115.95401763916016,238.25
2024-09-23,224.99205017089844,193.8800048828125,428.4978332519531,116.21392059326172,250.0
2024-09-24,225.8861541748047,193.9600067138672,424.2080078125,120.82209014892578,254.27000427246094
2024-09-25,224.8927001953125,192.52999877929688,427.1139831542969,123.4610366821289,257.0199890136719
2024-09-26,226.03518676757812,191.16000366210938,426.3232727050781,123.9908218383789,254.22000122070312
2024-09-27,226.3034210205078,187.97000122070312,423.0713195800781,121.35187530517578,260.4599914550781
2024-09-30,231.47943115234375,186.3300018310547,425.3249206542969,121.3918685913086,261.6300048828125
2024-10-01,224.73374938964844,185.1300048828125,415.8260192871094,116.95361328125,258.0199890136719
2024-10-02,225.30003356933594,184.75999450683594,412.3072204589844,118.8028793334961,249.02000427246094
2024-10-03,224.197265625,181.9600067138672,411.72406005859375,122.80130004882812,240.66000366210938
2024-10-04,225.3198699951172,186.50999450683594,411.2495422363281,124.87046813964844,250.0800018310547
2024-10-07,220.24325561523438,180.8000030517578,404.80499267578125,127.66937255859375,240.8300018310547
2024-10-08,224.296630859375,182.72000122070312,409.9151916503906,132.83731079101562,244.5
2024-10-09,228.0419921875,185.1699981689453,412.63336181640625,132.597412109375,241.0500030517578
2024-10-10,227.54527282714844,186.64999389648438,411.0321350097656,134.75656127929688,238.77000427246094
2024-10-11,226.0650177001953,188.82000732421875,411.506591796875,134.74656677246094,217.8000030517578
2024-10-14,229.79052734375,187.5399932861328,414.29400634765625,138.01527404785156,219.16000366210938
2024-10-15,232.32386779785156,187.69000244140625,413.89862060546875,131.54783630371094,219.57000732421875
2024-10-16,230.26739501953125,186.88999938964844,411.30889892578125,135.66619873046875,221.3300018310547
2024-10-17,230.63497924804688,187.52999877929688,411.9019470214844,136.87570190429688,220.88999938964844
2024-10-18,233.46636962890625,188.99000549316406,413.3252868652344,137.94529724121094,220.6999969482422
2024-10-21,234.93670654296875,189.07000732421875,413.9381408691406,143.6530303955078,218.85000610351562
2024-10-22,234.32078552246094,189.6999969482422,422.56719970703125,143.5330810546875,217.97000122070312
2024-10-23,229.25404357910156,184.7100067138672,419.69085693359375,139.50466918945312,213.64999389648438
2024-10-24,229.06527709960938,186.3800048828125,419.8193664550781,140.35433959960938,260.4800109863281
2024-10-25,229.89981079101562,187.8300018310547,423.19976806640625,141.48388671875,269.19000244140625
2024-10-28,231.8768310546875,188.38999938964844,421.6578369140625,140.4643096923828,262.510009765625
2024-10-29,232.1450653076172,190.8300018310547,426.95587158203125,141.19400024414062,259.5199890136719
2024-10-30,228.59835815429688,192.72999572753906,427.5291442871094,139.28475952148438,257.54998779296875
2024-10-31,224.4357147216797,186.39999389648438,401.6518249511719,132.70736694335938,249.85000610351562
2024-11-01,221.4552764892578,197.92999267578125,405.6253356933594,135.34632873535156,248.97999572753906
2024-11-04,220.56114196777344,195.77999877929688,403.7373962402344,135.99607849121094,242.83999633789062
2024-11-05,221.99176025390625,199.5,406.7027587890625,139.8545379638672,251.44000244140625
2024-11-06,221.26651000976562,207.08999633789062,415.32196044921875,145.55227661132812,288.5299987792969
2024-11-07,225.99545288085938,210.0500030517578,420.5111999511719,148.8209991455078,296.9100036621094
2024-11-08,225.7269287109375,208.17999267578125,417.6546630859375,147.57147216796875,321.2200012207031
2024-11-11,223.01174926757812,206.83999633789062,413.1770324707031,145.20240783691406,350.0
2024-11-12,223.01174926757812,208.91000366210938,418.13897705078125,148.231201171875,328.489990234375
2024-11-13,223.89691162109375,214.10000610351562,420.283935546875,146.21200561523438,330.239990234375
2024-11-14,226.98007202148438,211.47999572753906,421.9543762207031,146.70184326171875,311.17999267578125
2024-11-15,223.77755737304688,202.61000061035156,410.2018737792969,141.9237060546875,320.7200012207031
2024-11-18,226.78115844726562,201.6999969482422,410.9530334472656,140.09442138671875,338.739990234375
2024-11-19,227.0397491455078,204.61000061035156,412.9595642089844,146.95172119140625,346.0
2024-11-20,227.75584411621094,202.8800048828125,410.6861877441406,145.83216857910156,342.0299987792969
2024-11-21,227.2784423828125,198.3800048828125,408.913330078125,146.6118621826172,339.6400146484375
2024-11-22,228.62110900878906,197.1199951171875,413.00372314453125,141.8937225341797,352.55999755859375
2024-11-25,231.6048126220703,201.4499969482422,414.776611328125,135.96607971191406,338.5899963378906
2024-11-26,233.7829132080078,207.86000061035156,423.8883972167969,136.86570739746094,338.2300109863281
2024-11-27,233.6536102294922,205.74000549316406,418.93634033203125,135.2863311767578,332.8900146484375
2024-11-29,236.04055786132812,207.88999938964844,419.4018249511719,138.19520568847656,345.1600036621094
2024-12-02,238.2882843017578,210.7100067138672,426.84979248046875,138.57504272460938,357.0899963378906
2024-12-03,241.3316650390625,213.44000244140625,427.0676574707031,140.20440673828125,351.4200134277344
2024-12-04,241.68972778320312,218.16000366210938,433.22802734375,145.08245849609375,357.92999267578125
2024-12-05,241.71954345703125,220.5500030517578,438.3782043457031,145.0124969482422,369.489990234375
2024-12-06,241.5206298828125,227.02999877929688,439.3191223144531,142.3933563232422,389.2200012207031
2024-12-09,245.40939331054688,226.08999633789062,441.74560546875,138.7645263671875,389.7900085449219
2024-12-10,246.4238739013672,225.0399932861328,439.0813903808594,135.0257568359375,400.989990234375
2024-12-11,245.1508331298828,230.25999450683594,444.68719482421875,139.2643585205078,424.7699890136719
2024-12-12,246.6128387451172,228.97000122070312,445.2516784667969,137.29501342773438,418.1000061035156
2024-12-13,246.7819061279297,227.4600067138672,442.983642578125,134.20602416992188,436.2300109863281
2024-12-16,249.67608642578125,232.92999267578125,447.26226806640625,131.9567413330078,463.0199890136719
2024-12-17,252.1028289794922,231.14999389648438,450.104736328125,130.3472900390625,479.8599853515625
2024-12-18,246.7023468017578,220.52000427246094,433.1983337402344,128.86778259277344,440.1300048828125
2024-12-19,248.43289184570312,223.2899932861328,432.841796875,130.63717651367188,436.1700134277344
2024-12-20,253.1073760986328,224.9199981689453,432.4158935546875,134.65586853027344,421.05999755859375
2024-12-23,253.8831329345703,225.05999755859375,431.078857421875,139.62425231933594,430.6000061035156
2024-12-24,256.7972412109375,229.0500030517578,435.11968994140625,140.174072265625,462.2799987792969
2024-12-26,257.61273193359375,227.0500030517578,433.911376953125,139.8841552734375,454.1300048828125
2024-12-27,254.20138549804688,223.75,426.4040832519531,136.96511840820312,431.6600036621094
2024-12-30,250.82977294921875,221.3000030517578,420.7586975097656,137.4449462890625,417.4100036621094
2024-12-31,249.0594482421875,219.38999938964844,417.4606018066406,134.2460174560547,403.8399963378906
2025-01-02,242.52516174316406,220.22000122070312,414.568603515625,138.2646942138672,379.2799987792969
2025-01-03,242.03782653808594,224.19000244140625,419.2928771972656,144.4226837158203,410.44000244140625
2025-01-06,243.66891479492188,227.61000061035156,423.7497863769531,149.38104248046875,411.04998779296875
2025-01-07,240.89407348632812,222.11000061035156,418.322265625,140.09408569335938,394.3599853515625
2025-01-08,241.3813934326172,222.1300048828125,420.4913024902344,140.06411743164062,394.94000244140625
2025-01-10,235.56321716308594,218.94000244140625,414.9350280761719,135.86549377441406,394.739990234375
2025-01-13,233.12649536132812,218.4600067138672,413.1919250488281,133.18637084960938,403.30999755859375
2025-01-14,232.01258850097656,217.75999450683594,411.6865234375,131.7168426513672,396.3599853515625
2025-01-15,236.57762145996094,223.35000610351562,422.2245178222656,136.1953887939453,428.2200012207031
2025-01-16,227.0198516845703,220.66000366210938,420.5110778808594,133.5262451171875,413.82000732421875
2025-01-17,228.7305145263672,225.94000244140625,424.91845703125,137.66490173339844,426.5
2025-01-21,221.4303741455078,230.7100067138672,424.3935241699219,140.78387451171875,424.07000732421875
2025-01-22,222.61392211914062,235.00999450683594,441.9239196777344,147.0218505859375,415.1099853515625
2025-01-23,222.4448699951172,235.4199981689453,442.42901611328125,147.17178344726562,412.3800048828125
2025-01-24,221.56964111328125,234.85000610351562,439.8044128417969,142.57327270507812,406.5799865722656
2025-01-27,228.6111602783203,235.4199981689453,430.3954772949219,118.38121032714844,397.1499938964844
2025-01-28,236.9655303955078,238.14999389648438,442.9143371582031,128.94775390625,398.0899963378906
2025-01-29,238.05953979492188,237.07000732421875,438.0909423828125,123.65947723388672,389.1000061035156
2025-01-30,236.2991485595703,234.63999938964844,411.01300048828125,124.60917663574219,400.2799987792969
2025-01-31,234.71780395507812,237.67999267578125,411.0823669433594,120.03067016601562,404.6000061035156
2025-02-03,226.7711944580078,237.4199981689453,406.98199462890625,116.62179565429688,383.67999267578125
2025-02-04,231.5352020263672,242.05999755859375,408.4181213378906,118.61113739013672,392.2099914550781
2025-02-05,231.20700073242188,236.1699981689453,409.329345703125,124.78910827636719,378.1700134277344
2025-02-06,231.95291137695312,238.8300018310547,411.8350524902344,128.6378631591797,374.32000732421875
2025-02-07,226.3932647705078,229.14999389648438,405.8232116699219,129.79745483398438,361.6199951171875
2025-02-10,226.66209411621094,233.13999938964844,408.2695617675781,133.5262451171875,350.7300109863281
2025-02-11,231.6105499267578,232.75999450683594,407.49700927734375,132.75650024414062,328.5
2025-02-12,235.8420867919922,228.92999267578125,405.1200256347656,131.0970458984375,336.510009765625
2025-02-13,240.4818878173828,230.3699951171875,406.60565185546875,135.24566650390625,355.94000244140625
2025-02-14,243.53855895996094,228.67999267578125,404.5158386230469,138.8045196533203,355.8399963378906
2025-02-18,243.40911865234375,226.64999389648438,405.71429443359375,139.35433959960938,354.1099853515625
2025-02-19,243.80738830566406,226.6300048828125,410.79510498046875,139.1844024658203,360.55999755859375
2025-02-20,244.76321411132812,222.8800048828125,412.968505859375,140.06411743164062,354.3999938964844
2025-02-21,244.48443603515625,216.5800018310547,405.108642578125,134.38595581054688,337.79998779296875
2025-02-24,246.0277099609375,212.7100067138672,400.9306335449219,130.23733520507812,330.5299987792969
2025-02-25,245.9679718017578,212.8000030517578,394.876953125,126.5885238647461,302.79998779296875
2025-02-26,239.3169403076172,214.35000610351562,396.6930847167969,131.23699951171875,290.79998779296875
2025-02-27,236.27023315429688,208.74000549316406,389.5477600097656,120.11064910888672,281.95001220703125
2025-02-28,240.79054260253906,212.27999877929688,393.973876953125,124.87907409667969,292.9800109863281
2025-03-03,236.9970703125,205.02000427246094,385.5384521484375,114.02263641357422,284.6499938964844
2025-03-04,234.9061737060547,203.8000030517578,385.65753173828125,115.95201110839844,272.0400085449219
2025-03-05,234.71701049804688,208.36000061035156,397.9732666015625,117.26158142089844,279.1000061035156
2025-03-06,234.3087921142578,200.6999969482422,393.8746643066406,110.53378295898438,263.45001220703125
2025-03-07,238.03256225585938,199.25,390.32183837890625,112.6530990600586,262.6700134277344
2025-03-10,226.4928436279297,194.5399932861328,377.2717590332031,106.94496154785156,222.14999389648438
2025-03-11,219.8816680908203,196.58999633789062,377.5595397949219,108.72437286376953,230.5800018310547
2025-03-12,216.0384063720703,198.88999938964844,380.3581237792969,115.71273040771484,248.08999633789062
2025-03-13,208.7700958251953,193.88999938964844,375.8923034667969,115.55277252197266,240.67999267578125
2025-03-14,212.56356811523438,197.9499969482422,385.6079406738281,121.6413345336914,249.97999572753906
2025-03-17,213.07135009765625,195.74000549316406,385.74688720703125,119.50183868408203,238.00999450683594
2025-03-18,211.7670135498047,192.82000732421875,380.6062316894531,115.4028091430664,225.30999755859375
2025-03-19,214.3059539794922,195.5399932861328,384.8735656738281,117.4923095703125,235.86000061035156
2025-03-20,213.17091369628906,194.9499969482422,383.9010009765625,118.50206756591797,236.25999450683594
2025-03-21,217.3227996826172,196.2100067138672,388.2874450683594,117.6722640991211,248.7100067138672
2025-03-24,219.7721405029297,203.25999450683594,390.0935974121094,121.38140106201172,278.3900146484375
2025-03-25,222.77903747558594,205.7100067138672,392.1578063964844,120.66156768798828,288.1400146484375
2025-03-26,220.5686492919922,201.1300048828125,387.0072021484375,113.73320007324219,272.05999755859375
2025-03-27,222.8785858154297,201.36000061035156,387.6125793457031,111.40375518798828,273.1300048828125
2025-03-28,216.9544219970703,192.72000122070312,375.9220886230469,109.6441650390625,263.54998779296875
2025-03-31,221.1660614013672,190.25999450683594,372.5379943847656,108.35446166992188,259.1600036621094
2025-04-01,222.22146606445312,192.1699981689453,379.286376953125,110.12405395507812,268.4599914550781
2025-04-02,222.91842651367188,196.00999450683594,379.23675537109375,110.39398193359375,282.760009765625
2025-04-03,202.30825805664062,178.41000366210938,370.2752990722656,101.7760238647461,267.2799987792969
2025-04-04,187.56253051757812,171.0,357.1061096191406,94.28778076171875,239.42999267578125
2025-04-07,180.6725616455078,175.25999450683594,355.1411437988281,97.61698913574219,233.2899932861328
2025-04-08,171.67178344726562,170.66000366210938,351.8662109375,96.27731323242188,221.86000061035156
2025-04-09,197.98709106445312,191.10000610351562,387.52325439453125,114.30307006835938,272.20001220703125
2025-04-10,189.5936737060547,181.22000122070312,378.4527282714844,107.5446548461914,252.39999389648438
2025-04-11,197.2901153564453,184.8699951171875,385.498779296875,110.90386199951172,252.30999755859375
2025-04-14,201.64117431640625,182.1199951171875,384.8636169433594,110.68391418457031,252.35000610351562
2025-04-15,201.2628173828125,179.58999633789062,382.7994384765625,112.1735610961914,254.11000061035156
2025-04-16,193.42697143554688,174.3300018310547,368.7867126464844,104.46538543701172,241.5500030517578
2025-04-17,196.1251983642578,172.61000061035156,364.9858093261719,101.46607971191406,241.3699951171875
2025-04-21,192.32177734375,167.32000732421875,356.3916015625,96.88717651367188,227.5
2025-04-22,198.8732452392578,173.17999267578125,364.0331115722656,98.86669921875,237.97000122070312
2025-04-23,203.712158203125,180.60000610351562,371.54559326171875,102.68580627441406,250.74000549316406
2025-04-24,207.4657745361328,186.5399932861328,384.3575134277344,106.40491485595703,259.510009765625
2025-04-25,208.371826171875,188.99000549316406,388.87298583984375,110.98385620117188,284.95001220703125
2025-04-28,209.2281036376953,187.6999969482422,388.1882019042969,108.70438385009766,285.8800048828125
2025-04-29,210.29345703125,187.38999938964844,391.0462951660156,108.99430847167969,292.0299987792969
2025-04-30,211.57785034179688,184.4199981689453,392.2570495605469,108.89433288574219,282.1600036621094
2025-05-01,212.39431762695312,190.1999969482422,422.16802978515625,111.58370208740234,280.5199890136719
2025-05-02,204.45889282226562,189.97999572753906,431.97296142578125,114.47303009033203,287.2099914550781
2025-05-05,198.02691650390625,186.35000610351562,432.8562316894531,113.79318237304688,280.260009765625
2025-05-06,197.64854431152344,185.00999450683594,430.0179443359375,113.51325988769531,275.3500061035156
2025-05-07,195.3983612060547,188.7100067138672,430.05767822265625,117.03242492675781,276.2200012207031
2025-05-08,196.63299560546875,192.0800018310547,434.84100341796875,117.34236145019531,284.82000732421875
2025-05-09,197.66848754882812,193.05999755859375,435.3967590332031,116.62252044677734,298.260009765625
2025-05-12,210.15048217773438,208.63999938964844,445.8467712402344,122.97102355957031,318.3800048828125
2025-05-13,212.28399658203125,211.3699951171875,445.72772216796875,129.89938354492188,334.07000732421875
2025-05-14,211.68582153320312,210.25,449.49884033203125,135.30810546875,347.67999267578125
2025-05-15,210.80848693847656,205.1699981689453,450.5129089355469,134.79823303222656,342.82000732421875
2025-05-16,210.6190643310547,205.58999633789062,451.6463317871094,135.36810302734375,349.9800109863281
2025-05-19,208.14657592773438,206.16000366210938,456.2197570800781,135.53805541992188,342.0899963378906
2025-05-20,206.232421875,204.07000732421875,455.5238342285156,134.3483428955078,343.82000732421875
2025-05-21,201.4768829345703,201.1199951171875,449.9561767578125,131.76895141601562,334.6199951171875
2025-05-22,200.7490997314453,203.10000610351562,452.2329406738281,132.7987060546875,341.0400085449219
2025-05-23,194.67758178710938,200.99000549316406,447.5799560546875,131.25906372070312,339.3399963378906
2025-05-27,199.60260009765625,206.02000427246094,458.0292663574219,135.4680633544922,362.8900146484375
2025-05-28,199.81195068359375,204.72000122070312,454.7184753417969,134.7782440185547,356.8999938964844
2025-05-29,199.3433837890625,205.6999969482422,456.0308837890625,139.15721130371094,358.42999267578125
2025-05-30,200.24066162109375,205.00999450683594,457.7011413574219,135.09817504882812,346.4599914550781
2025-06-02,201.08807373046875,206.64999389648438,459.3018493652344,137.34764099121094,342.69000244140625
2025-06-03,202.65330505371094,205.7100067138672,460.29608154296875,141.1867218017578,344.2699890136719
2025-06-04,202.20468139648438,207.22999572753906,461.1908874511719,141.88656616210938,332.04998779296875
2025-06-05,200.02133178710938,207.91000366210938,464.9788818359375,139.95703125,284.70001220703125
2025-06-06,203.30133056640625,213.57000732421875,467.6632995605469,141.6865997314453,295.1400146484375
2025-06-09,200.83883666992188,216.97999572753906,470.0196228027344,142.59640502929688,308.5799865722656
2025-06-10,202.05511474609375,217.61000061035156,468.2001953125,143.92608642578125,326.0899963378906
2025-06-11,198.1769256591797,213.1999969482422,469.890380859375,142.80625915527344,326.42999267578125
2025-06-12,198.5956573486328,213.24000549316406,476.104248046875,144.9759063720703,319.1099853515625
2025-06-13,195.85398864746094,212.10000610351562,472.2168273925781,141.9464111328125,325.30999755859375
2025-06-16,197.81802368164062,216.10000610351562,476.3727111816406,144.66595458984375,329.1300048828125
2025-06-17,195.0464630126953,214.82000732421875,475.279052734375,144.09603881835938,316.3500061035156
2025-06-18,195.9835968017578,212.52000427246094,477.4663391113281,145.455810546875,322.04998779296875
2025-06-20,200.39019775390625,209.69000244140625,474.6427307128906,143.8260955810547,322.1600036621094
2025-06-23,200.888671875,208.47000122070312,483.1930847167969,144.1460418701172,348.67999267578125
2025-06-24,199.6923065185547,212.77000427246094,487.279296875,147.87539672851562,340.4700012207031
2025-06-25,200.94850158691406,211.99000549316406,489.4268493652344,154.28436279296875,327.54998779296875
2025-06-26,200.39019775390625,217.1199951171875,494.57696533203125,154.99423217773438,325.7799987792969
2025-06-27,200.46995544433594,223.3000030517578,493.0756530761719,157.72378540039062,323.6300048828125
2025-06-30,204.5475311279297,219.38999938964844,494.5372009277344,157.96376037597656,317.6600036621094
2025-07-01,207.1894989013672,220.4600067138672,489.2081298828125,153.2745361328125,300.7099914550781
2025-07-02,211.7954864501953,219.9199981689453,488.2536926269531,157.22386169433594,315.6499938964844
2025-07-03,212.90213012695312,223.41000366210938,495.95892333984375,159.3135223388672,315.3500061035156
2025-07-07,209.3130340576172,223.47000122070312,494.84539794921875,158.21371459960938,293.94000244140625
2025-07-08,209.3728485107422,219.36000061035156,493.7517395019531,159.97341918945312,297.80999755859375
2025-07-09,210.4994354248047,222.5399932861328,500.6019592285156,162.85293579101562,295.8800048828125
2025-07-10,211.76556396484375,222.25999450683594,498.58367919921875,164.07273864746094,309.8699951171875
2025-07-11,210.51937866210938,225.02000427246094,500.4130554199219,164.89259338378906,313.510009765625
2025-07-14,207.98707580566406,225.69000244140625,500.1147766113281,164.04273986816406,316.8999938964844
2025-07-15,208.4755859375,226.35000610351562,502.89862060546875,170.671630859375,310.7799987792969
2025-07-16,209.5224151611328,223.19000244140625,502.69976806640625,171.34152221679688,321.6700134277344
2025-07-17,209.38284301757812,223.8800048828125,508.7446594238281,172.97125244140625,319.4100036621094
2025-07-18,210.539306640625,226.1300048828125,507.10418701171875,172.38136291503906,329.6499938964844
2025-07-21,211.83535766601562,229.3000030517578,507.1141357421875,171.35153198242188,328.489990234375
2025-07-22,213.74954223632812,227.47000122070312,502.3517761230469,167.00225830078125,332.1099853515625
2025-07-23,213.5002899169922,228.2899932861328,502.94830322265625,170.75161743164062,332.55999755859375
2025-07-24,213.11148071289062,232.22999572753906,507.9294128417969,173.7111358642578,305.29998779296875
2025-07-25,213.23110961914062,231.44000244140625,510.7430419921875,173.47117614746094,316.05999755859375
2025-07-28,213.40061950683594,232.7899932861328,509.5400390625,176.7206268310547,325.5899963378906
2025-07-29,210.62904357910156,231.00999450683594,509.609619140625,175.4808349609375,321.20001220703125
2025-07-30,208.415771484375,230.19000244140625,510.2757568359375,179.24021911621094,319.0400085449219
2025-07-31,206.94027709960938,234.11000061035156,530.4187622070312,177.84043884277344,308.2699890136719
2025-08-01,201.76602172851562,214.75,521.0829467773438,173.69113159179688,302.6300048828125
2025-08-04,202.7330780029297,211.64999389648438,532.5464477539062,179.9700927734375,309.260009765625
2025-08-05,202.3043670654297,213.75,524.701904296875,178.23037719726562,308.7200012207031
2025-08-06,212.60302734375,222.30999755859375,521.908203125,179.3901824951172,319.9100036621094
2025-08-07,219.36245727539062,223.1300048828125,517.8319091796875,180.73995971679688,322.2699890136719
2025-08-08,228.65420532226562,222.69000244140625,519.0248413085938,182.6696319580078,329.6499938964844
2025-08-11,226.74781799316406,221.3000030517578,518.7564697265625,182.0297393798828,339.0299987792969
2025-08-12,229.21310424804688,221.47000122070312,526.183349609375,183.1295623779297,340.8399963378906
2025-08-13,232.88612365722656,224.55999755859375,517.5734252929688,181.559814453125,339.3800048828125
2025-08-14,232.33717346191406,230.97999572753906,519.46240234375,181.98974609375,335.5799865722656
2025-08-15,231.1494140625,231.02999877929688,517.1657104492188,180.42001342773438,330.55999755859375
2025-08-18,230.45074462890625,231.49000549316406,514.1134643554688,181.97975158691406,335.1600036621094
2025-08-19,230.1213836669922,228.00999450683594,506.8257751464844,175.61080932617188,329.30999755859375
2025-08-20,225.5800323486328,223.80999755859375,502.7992248535156,175.370849609375,323.8999938964844
2025-08-21,224.47213745117188,221.9499969482422,502.15185546875,174.95091247558594,320.1099853515625
2025-08-22,227.3267059326172,228.83999633789062,505.1295166015625,177.96043395996094,340.010009765625
2025-08-25,226.7278594970703,227.94000244140625,502.17181396484375,179.78012084960938,346.6000061035156
2025-08-26,228.87376403808594,228.7100067138672,499.96099853515625,181.7397918701172,351.6700134277344
2025-08-27,230.05152893066406,229.1199951171875,504.64154052734375,181.56982421875,349.6000061035156
2025-08-28,232.11758422851562,231.60000610351562,507.529541015625,180.1400604248047,345.9800109863281
2025-08-29,231.69837951660156,229.0,504.59173583984375,174.1510467529297,333.8699951171875
2025-09-02,229.28298950195312,225.33999633789062,503.0282287597656,170.75161743164062,329.3599853515625
2025-09-03,238.01634216308594,225.99000549316406,503.2572937011719,170.59165954589844,334.0899963378906
2025-09-04,239.3238525390625,235.67999267578125,505.866455078125,171.63148498535156,338.5299987792969
2025-09-05,239.2340087890625,232.3300018310547,492.9501647949219,166.9922637939453,350.8399963378906
2025-09-08,237.42745971679688,235.83999633789062,496.13690185546875,168.2820281982422,346.3999938964844
2025-09-09,233.9041748046875,238.24000549316406,496.34600830078125,170.7316131591797,346.9700012207031
2025-09-10,226.35855102539062,230.3300018310547,498.29791259765625,177.300537109375,347.7900085449219
2025-09-11,229.59239196777344,229.9499969482422,498.9352722167969,177.1505584716797,368.80999755859375
2025-09-12,233.62472534179688,228.14999389648438,507.7884521484375,177.80047607421875,395.94000244140625
2025-09-15,236.24969482421875,231.42999267578125,513.225830078125,177.73048400878906,410.0400085449219
2025-09-16,237.6969451904297,234.0500030517578,506.9320068359375,174.86080932617188,421.6199951171875
2025-09-17,238.5353546142578,231.6199951171875,507.9079284667969,170.27130126953125,425.8599853515625
2025-09-18,237.42745971679688,231.22999572753906,506.3444519042969,176.2206573486328,416.8500061035156
2025-09-19,245.032958984375,231.47999572753906,515.7852172851562,176.6505889892578,426.07000732421875
2025-09-22,255.5928192138672,227.6300048828125,512.3196411132812,183.58984375,434.2099914550781
2025-09-23,253.9459686279297,220.7100067138672,507.1212463378906,178.410400390625,425.8500061035156
2025-09-24,251.8300018310547,220.2100067138672,508.0373840332031,176.9505615234375,442.7900085449219
2025-09-25,256.3813171386719,218.14999389648438,504.9303283691406,177.67050170898438,423.3900146484375
2025-09-26,254.97401428222656,219.77999877929688,509.3419494628906,178.17044067382812,440.3999938964844
2025-09-29,253.9459686279297,222.1699981689453,512.4689331054688,181.83004760742188,443.2099914550781
2025-09-30,254.14559936523438,219.57000732421875,515.8051147460938,186.55950927734375,444.7200012207031
2025-10-01,254.9640350341797,220.6300048828125,517.5578002929688,187.21945190429688,459.4599914550781
2025-10-02,256.6408386230469,222.41000366210938,513.6041870117188,188.8692626953125,436.0
2025-10-03,257.5291442871094,219.50999450683594,515.20751953125,187.59939575195312,429.8299865722656
2025-10-06,256.2016906738281,220.89999389648438,526.3811645507812,185.51962280273438,453.25
2025-10-07,255.99208068847656,221.77999877929688,521.8101196289062,185.01968383789062,433.0899963378906
2025-10-08,257.5690612792969,225.22000122070312,522.676513671875,189.0892333984375,438.69000244140625
2025-10-09,253.55670166015625,227.74000549316406,520.2366943359375,192.54885864257812,435.5400085449219
2025-10-10,244.80340576171875,216.3699951171875,508.84405517578125,183.139892578125,413.489990234375
2025-10-13,247.18885803222656,220.07000732421875,511.9212646484375,188.29933166503906,435.8999938964844
2025-10-14,247.29864501953125,216.38999938964844,511.4432067871094,180.01022338867188,429.239990234375
2025-10-15,248.8656463623047,215.57000732421875,511.3038330078125,179.8102569580078,435.1499938964844
2025-10-16,246.979248046875,214.47000122070312,509.4913330078125,181.7900390625,428.75
2025-10-17,251.81002807617188,213.0399932861328,511.4532165527344,183.19989013671875,439.30999755859375
2025-10-20,261.7411193847656,216.47999572753906,514.6498413085938,182.6199493408203,447.42999267578125
2025-10-21,262.2701110839844,222.02999877929688,515.5162963867188,181.14010620117188,442.6000061035156
2025-10-22,257.9583435058594,217.9499969482422,518.3843383789062,180.2602081298828,438.9700012207031
2025-10-23,259.0861511230469,221.08999633789062,518.404296875,182.13999938964844,448.9800109863281
2025-10-24,262.32000732421875,224.2100067138672,521.441650390625,186.23953247070312,433.7200012207031
2025-10-27,268.2986145019531,226.97000122070312,529.3189697265625,191.46897888183594,452.4200134277344
2025-10-28,268.4882507324219,229.25,539.8251953125,201.0079345703125,460.54998779296875
2025-10-29,269.1869201660156,230.3000030517578,539.3073120117188,207.01727294921875,461.510009765625
2025-10-30,270.8836669921875,222.86000061035156,523.582763671875,202.8677215576172,440.1000061035156
2025-10-31,269.85565185546875,244.22000122070312,515.6656494140625,202.4677734375,456.55999755859375
2025-11-03,268.53814697265625,254.0,514.888916015625,206.85728454589844,468.3699951171875
2025-11-04,269.5262756347656,249.32000732421875,512.2001342773438,198.66818237304688,444.260009765625
2025-11-05,269.6260986328125,250.1999969482422,505.0597839355469,195.18858337402344,462.07000732421875
2025-11-06,269.25677490234375,243.0399932861328,495.04144287109375,188.05935668945312,445.9100036621094
2025-11-07,267.9592590332031,244.41000366210938,494.7626037597656,188.1293487548828,429.5199890136719
2025-11-10,269.1781311035156,248.39999389648438,503.90460205078125,199.0281524658203,445.2300109863281
2025-11-11,274.99267578125,249.10000610351562,506.573486328125,193.1387939453125,439.6199951171875
2025-11-12,273.21435546875,244.1999969482422,509.0233154296875,193.7787322998047,430.6000061035156
2025-11-13,272.6948547363281,237.5800018310547,501.205810546875,186.8394775390625,401.989990234375
2025-11-14,272.15533447265625,234.69000244140625,508.0672912597656,190.1491241455078,404.3500061035156
2025-11-17,267.2099609375,232.8699951171875,505.388427734375,186.5795135498047,408.9200134277344
2025-11-18,267.19000244140625,222.5500030517578,491.74517822265625,181.340087890625,401.25
2025-11-19,268.3089294433594,222.69000244140625,485.102783203125,186.49951171875,403.989990234375
2025-11-20,266.0010986328125,217.13999938964844,477.3404846191406,180.6201629638672,395.2300109863281
2025-11-21,271.2361755371094,220.69000244140625,471.04486083984375,178.86036682128906,391.0899963378906
2025-11-24,275.6620788574219,226.27999877929688,472.92059326171875,182.52996826171875,417.7799987792969
2025-11-25,276.7110900878906,229.6699981689453,475.90374755859375,177.80047607421875,419.3999938964844
2025-11-26,277.29052734375,229.16000366210938,484.3943786621094,180.24020385742188,426.5799865722656
2025-11-28,278.5893249511719,233.22000122070312,490.88958740234375,176.98056030273438,430.1700134277344
2025-12-01,282.8353576660156,233.8800048828125,485.6315612792969,179.90025329589844,430.1400146484375
2025-12-02,285.9224548339844,234.4199981689453,488.8841552734375,181.44007873535156,429.239990234375
2025-12-03,283.8843688964844,232.3800048828125,476.64208984375,179.57028198242188,446.739990234375
2025-12-04,280.4375915527344,229.11000061035156,479.7449951171875,183.37008666992188,454.5299987792969
2025-12-05,278.5193786621094,229.52999877929688,482.0597229003906,182.40013122558594,455.0
2025-12-08,277.6302185058594,226.88999938964844,489.9018249511719,185.5399627685547,439.5799865722656
2025-12-09,276.9208679199219,227.9199981689453,490.8995361328125,184.95999145507812,445.1700134277344
2025-12-10,278.5193786621094,231.77999877929688,477.4701843261719,183.77005004882812,451.45001220703125
2025-12-11,277.77008056640625,230.27999877929688,482.3690185546875,180.92019653320312,446.8900146484375
2025-12-12,278.0198669433594,226.19000244140625,477.4402770996094,175.01052856445312,458.9599914550781
2025-12-15,273.8537292480469,222.5399932861328,473.73870849609375,176.28045654296875,475.30999755859375
2025-12-16,274.353271484375,222.55999755859375,475.3051452636719,177.71038818359375,489.8800048828125
2025-12-17,271.58587646484375,221.27000427246094,475.0357360839844,170.93075561523438,467.260009765625
2025-12-18,271.935546875,226.75999450683594,482.87786865234375,174.1305694580078,483.3699951171875
2025-12-19,273.4141845703125,227.35000610351562,484.8134460449219,180.98020935058594,481.20001220703125
2025-12-22,270.7166748046875,228.42999267578125,483.81573486328125,183.6800537109375,488.7300109863281
2025-12-23,272.1053771972656,232.13999938964844,485.7413330078125,189.19976806640625,485.55999755859375
2025-12-24,273.55401611328125,232.3800048828125,486.90863037109375,188.59979248046875,485.3999938964844
2025-12-26,273.1444091796875,232.52000427246094,486.599365234375,190.51968383789062,475.19000244140625
2025-12-29,273.50408935546875,232.07000732421875,485.9907531738281,188.20980834960938,459.6400146484375
2025-12-30,272.82470703125,232.52999877929688,486.3699035644531,187.52984619140625,454.42999267578125
2025-12-31,271.6058349609375,230.82000732421875,482.5186767578125,186.4899139404297,449.7200012207031
2026-01-02,270.75665283203125,226.5,471.8630065917969,188.83978271484375,438.07000732421875
2026-01-05,267.0101623535156,233.05999755859375,471.773193359375,188.1098175048828,451.6700134277344
2026-01-06,262.1147155761719,240.92999267578125,477.4203186035156,187.22987365722656,432.9599914550781
2026-01-07,260.08660888671875,241.55999755859375,482.3690185546875,189.09976196289062,431.4100036621094
2026-01-08,258.7978515625,246.2899932861328,477.0212097167969,185.0299835205078,435.79998779296875
2026-01-09,259.1275329589844,247.3800048828125,478.1885681152344,184.84999084472656,445.010009765625
2026-01-12,260.0067138671875,246.47000122070312,476.09332275390625,184.92999267578125,448.9599914550781
2026-01-13,260.8059387207031,242.60000610351562,469.5981750488281,185.79994201660156,447.20001220703125
2026-01-14,259.71697998046875,236.64999389648438,458.3338928222656,183.1300811767578,439.20001220703125
2026-01-15,257.9685974121094,238.17999267578125,455.6200866699219,187.03988647460938,438.57000732421875
2026-01-16,255.29112243652344,239.1199951171875,458.8127746582031,186.21990966796875,437.5
2026-01-20,246.46937561035156,231.0,453.48492431640625,178.06036376953125,419.25
2026-01-21,247.41848754882812,231.30999755859375,443.0986328125,183.31008911132812,431.44000244140625
2026-01-22,248.1178436279297,234.33999633789062,450.1126403808594,184.82998657226562,449.3599853515625
2026-01-23,247.80812072753906,239.16000366210938,464.888916015625,187.6598358154297,449.05999755859375
2026-01-26,255.17123413085938,238.4199981689453,469.20904541015625,186.4599151611328,435.20001220703125
2026-01-27,258.0285339355469,244.67999267578125,479.485595703125,188.50979614257812,430.8999938964844
2026-01-28,256.2002868652344,243.00999450683594,480.533203125,191.5096435546875,431.4599914550781
2026-01-29,258.0385437011719,241.72999572753906,432.5128173828125,192.49957275390625,416.55999755859375
2026-01-30,259.2374267578125,239.3000030517578,429.31011962890625,191.11965942382812,430.4100036621094
2026-02-02,269.7575988769531,242.9600067138672,422.4058837890625,185.59996032714844,421.80999755859375
2026-02-03,269.22808837890625,238.6199951171875,410.2735595703125,180.33023071289062,421.9599914550781
2026-02-04,276.23150634765625,232.99000549316406,413.2467956542969,174.18057250976562,406.010009765625
2026-02-05,275.6520690917969,222.69000244140625,392.7735290527344,171.87069702148438,397.2099914550781
2026-02-06,277.8599853515625,210.32000732421875,400.22650146484375,185.39996337890625,411.1099853515625
2026-02-09,274.6199951171875,208.72000122070312,412.65814208984375,190.0297088623047,417.32000732421875
2026-02-10,273.67999267578125,206.9600067138672,412.328857421875,188.52978515625,425.2099914550781
2026-02-11,275.5,204.0800018310547,403.4491271972656,190.0397186279297,428.2699890136719
2026-02-12,261.7300109863281,199.60000610351562,400.9248962402344,186.9298858642578,417.07000732421875
2026-02-13,255.77999877929688,198.7899932861328,400.4060974121094,182.80010986328125,417.44000244140625
2026-02-17,263.8800048828125,201.14999389648438,395.95623779296875,184.95999145507812,410.6300048828125
2026-02-18,264.3500061035156,204.7899932861328,398.69000244140625,187.96981811523438,411.32000732421875
2026-02-19,260.5799865722656,204.86000061035156,398.4599914550781,187.88983154296875,411.7099914550781
2026-02-20,264.5799865722656,210.11000061035156,397.2300109863281,189.8097381591797,411.82000732421875
2026-02-23,266.17999267578125,205.27000427246094,384.4700012207031,191.53964233398438,399.8299865722656
2026-02-24,272.1400146484375,208.55999755859375,389.0,192.83956909179688,409.3800048828125
2026-02-25,274.2300109863281,210.63999938964844,400.6000061035156,195.54940795898438,417.3999938964844
2026-02-26,272.95001220703125,207.9199981689453,401.7200012207031,184.87998962402344,408.5799865722656
2026-02-27,264.17999267578125,210.0,392.739990234375,177.180419921875,402.510009765625
2026-03-02,264.7200012207031,208.38999938964844,398.54998779296875,182.47012329101562,403.32000732421875
2026-03-03,263.75,208.72999572753906,403.92999267578125,180.04025268554688,392.42999267578125
2026-03-04,262.5199890136719,216.82000732421875,405.20001220703125,183.03009033203125,405.94000244140625
2026-03-05,260.2900085449219,218.94000244140625,410.67999267578125,183.330078125,405.54998779296875
2026-03-06,257.4599914550781,213.2100067138672,408.9599914550781,177.8103790283203,396.7300109863281
2026-03-09,259.8800048828125,213.49000549316406,409.4100036621094,182.64010620117188,398.67999267578125
2026-03-10,260.8299865722656,214.3300018310547,405.760009765625,184.760009765625,399.239990234375
2026-03-11,260.80999755859375,212.64999389648438,404.8800048828125,186.02999877929688,407.82000732421875
2026-03-12,255.75999450683594,209.52999877929688,401.8599853515625,183.13999938964844,395.010009765625
2026-03-13,250.1199951171875,207.6699981689453,395.54998779296875,180.25,391.20001220703125
