Date,AAPL,AMZN,MSFT,NVDA,TSLA
2020-01-03,-0.009721824128948509,-0.012139034655920922,-0.012451749183602034,-0.016005808852062486,0.02963325829792085
2020-01-06,0.00796824831658638,0.01488557393050649,0.0025846683763748324,0.004193679475497536,0.01925463704513497
2020-01-07,-0.004703185201826332,0.0020916204156393725,-0.00911766856697438,0.012106605827994832,0.03880052465815398
2020-01-08,0.016086440100155253,-0.007808640261289357,0.015928357400984083,0.0018755652269393241,0.04920482578812169
2020-01-09,0.021240549916785145,0.0047991747864684076,0.012492872735914595,0.010982525901251261,-0.021945011900097344
2020-01-10,0.0022607850342715174,-0.009410596802031268,-0.004626898257030443,0.005349301082474556,-0.006627297633174267
2020-01-13,0.021364401557490753,0.004322578245699482,0.012024497052478766,0.03135240261140626,0.09768895885093332
2020-01-14,-0.013503047587093864,-0.011558211718052602,-0.007043210828928004,-0.018652405024868535,0.024882822120200876
2020-01-15,-0.004285849923486129,-0.003969126548924895,0.006476216666290835,-0.006915492041059235,-0.03610201351305786
2020-01-16,0.01252649078018675,0.00854991102959346,0.018323257445177488,0.013682622912857711,-0.009662477636014799
2020-01-17,0.011070934279505229,-0.00703966144232826,0.005597099379968773,0.0014061343911655477,-0.005822894156913949
2020-01-21,-0.006776789369799752,0.014629525206926841,-0.0035909423772938487,-0.005375452341801257,0.07189030619278935
2020-01-22,0.0035695296954916245,-0.0023995494624704516,-0.004804630090402329,0.008752007621233071,0.04086264444061727
2020-01-23,0.004815966270104832,-0.0015259112256781338,0.006155684727457089,0.010995220218868784,0.004635122144013071
2020-01-24,-0.0028820558142642616,-0.012172426638861644,-0.010077132028747382,-0.009412178510497027,-0.012897603180825445
2020-01-27,-0.02940509691926152,-0.01788746376771211,-0.01672278470388222,-0.041041181850677066,-0.012039272835579595
2020-01-28,0.028288863803697106,0.01362436592451366,0.019595402997981015,0.032348022213471106,0.015913383222044608
2020-01-29,0.020932614777601888,0.0025630978623367717,0.01559285054538706,-0.009799760551774006,0.024854513769903885
2020-01-30,-0.0014493073243886379,0.006824489189870775,0.028207878237559436,0.0010995344360045234,0.10296225866535558
2020-01-31,-0.044338393335471515,0.07379135586484753,-0.014759028563064991,-0.0381595874824574,0.015230690473505337
2020-02-03,-0.00274636837597253,-0.0022501685803328897,0.024378923994033963,0.016495615134782593,0.19894859376394902
2020-02-04,0.03301375202145884,0.022687342140775613,0.03291686837787977,0.028294492901144608,0.13725640223576474
2020-02-05,0.008154099031416617,-0.004781236737139594,-0.0012216428140333635,0.014688396161605333,-0.1717583947927872
2020-02-06,0.011697025198932343,0.0050787328892443195,0.020733968183932028,0.013917772716263155,0.01940931694254422
2020-02-07,-0.01359280484882841,0.014169136390608683,0.0014157402953371978,-0.010462000671588867,-0.001188323805631053
2020-02-10,0.004749851856953091,0.026273579599096486,0.026156970906061172,0.045232295344375784,0.031026496329857656
2020-02-11,-0.006033318616884165,0.007915025985726132,-0.02257562382001166,0.018709234953913523,0.004019260937028868
2020-02-12,0.023747662928174984,0.004277469597884664,0.0014640177296005863,0.017357970649839904,-0.009155657933695438
2020-02-13,-0.00712131460268528,-0.00468981707537619,-0.005414022042399158,-0.0064578823550585085,0.047843652551780025
2020-02-14,0.00024687139108525713,-0.006977166077050345,0.008927206155702194,0.07020463290603085,-0.004937755668348531
2020-02-18,-0.018310809773461,0.009742990607446878,0.010142886466169232,0.02339616568827263,0.0729597130158357
2020-02-19,0.0144827363668254,0.006749650094826309,0.0029992530902294146,0.061132361291294623,0.06875580895325561
2020-02-20,-0.010259071634365013,-0.007888626914309249,-0.01527109622406575,-0.019065660562992637,-0.019631105097986157
2020-02-21,-0.0226348000291009,-0.026533823330561868,-0.03161266523905526,-0.04739241276259665,0.0017678087791648256
2020-02-24,-0.047500619804410116,-0.04135555023463999,-0.04311589571981955,-0.07069747338181542,-0.07459490327646512
2020-02-25,-0.033872057929510535,-0.018190498951138112,-0.01650140725705096,-0.0410932204595964,-0.040633739641448896
2020-02-26,0.01586346277300188,0.003472315416060967,0.012494938055756633,0.021370126627443087,-0.026390470576789893
2020-02-27,-0.06536834701449745,-0.048136265467272676,-0.07045936182283474,-0.05566583618551735,-0.1281458395846271
2020-02-28,-0.000584705332177804,-0.0002918467224900523,0.024213199479932834,0.06916065162635587,-0.016215047800994142
2020-03-02,0.09310085293328796,0.03726611425327642,0.06653877504642014,0.023549387534700816,0.11322034293215233
2020-03-03,-0.031759411570708385,-0.023009811402324054,-0.047919307654349264,-0.038128840581617585,0.0025416095259802596
2020-03-04,0.046384443839588396,0.03501322901563819,0.0367147421595051,0.07002905331477338,0.0053520173720666975
2020-03-05,-0.03243684509203426,-0.026216794314283476,-0.025095083392050577,-0.03943657213251828,-0.033302230445070524
2020-03-06,-0.013279878649013033,-0.011922924014239333,-0.028267137920886976,-0.02652837085530335,-0.029066704869448956
2020-03-09,-0.07909242343202139,-0.05285383245165354,-0.06777246095983092,-0.07743201875039052,-0.13572525720249962
2020-03-10,0.07202147452794327,0.05065506668458686,0.06838382822525824,0.06372221963902258,0.061398023823663106
2020-03-11,-0.03473021728420633,-0.03750889642974897,-0.045301925659258946,-0.05595970149877694,-0.017200452670558586
2020-03-12,-0.09875464534642242,-0.07922082514747941,-0.09483842433139478,-0.12236774433134501,-0.11617242301113506
2020-03-13,0.11980823101827665,0.06464833687376514,0.14216907162381598,0.11340189211181007,-0.0248505535904755
2020-03-16,-0.1286470485334109,-0.053697516604298,-0.14739013978641646,-0.18452089335056387,-0.18577806455584012
2020-03-17,0.043970018587161874,0.07026613247879654,0.08233632606523633,0.10626266415815233,-0.03341046380880208
2020-03-18,-0.024479859643426916,0.012257741060410998,-0.04209598096714817,-0.06650699638556212,-0.1603440409986845
2020-03-19,-0.007661796978444824,0.027830613766863133,0.016453265162009956,0.0500441839563146,0.1838768421567878
2020-03-20,-0.06348589531261828,-0.018522798541689034,-0.037558845038331845,-0.03390117308233154,-0.0002571736151377735
2020-03-23,-0.021244206621639394,0.030735291504301987,-0.009974783815749788,0.03372998552456208,0.015811747064244486
2020-03-24,0.10032557520984375,0.019586561347294085,0.09089608574994101,0.17156442521424653,0.16281749323562988
2020-03-25,-0.005508910781173548,-0.027967604900146936,-0.00957299502102038,-0.014286892211723412,0.06782176450892674
2020-03-26,0.0526231417462113,0.03693312450375408,0.06255141468278702,0.04730874514286709,-0.020565621439638027
2020-03-27,-0.04140229506872817,-0.028325389436650084,-0.041060968403107134,-0.01753223566486828,-0.026128393930185068
2020-03-30,0.02853783375348251,0.03360354691971379,0.07034048212926214,0.050884257936516075,-0.02377714859552571
2020-03-31,-0.0020405377666464775,-0.007245622950859176,-0.01572711976009966,-0.007492476125581904,0.04355446239344318
2020-04-01,-0.05261729284334715,-0.02155179126735396,-0.03550798319768533,-0.07788339591751103,-0.08099239055277141
2020-04-02,0.016686800669959645,0.005834205106051371,0.02070846073603194,0.05101434556663187,-0.05625466454987249
2020-04-03,-0.014371418127444024,-0.0063788821910731874,-0.009210159979713195,-0.04525000867582085,0.05619734693587186
2020-04-06,0.08723762021536974,0.04772922477644714,0.07436735313598763,0.10040574766803423,0.0754775752334993
2020-04-07,-0.011582516679491728,0.007013456003121421,-0.010770113302497775,-0.03491035234460382,0.05658223700690801
2020-04-08,0.02559483199662238,0.015609461784076739,0.01003138707897766,0.030575575333235516,0.006214994497730331
2020-04-09,0.007216127327200228,-0.00011748445832981957,6.031215235391407e-05,-0.014983851113630098,0.04402015748241661
2020-04-13,0.01962733004145356,0.0617350661426328,0.0022406558765006857,0.026240220513422452,0.13603839302984921
2020-04-14,0.050503279838196136,0.052769449861283624,0.04948334581613811,0.052251403301932786,0.09054457315006381
2020-04-15,-0.009127503785343438,0.010668695718768717,-0.01047768783039571,-0.010952783380906772,0.028088878270565276
2020-04-16,0.007946041782605162,0.043554542393708484,0.03002085969611379,0.049352007149306765,0.021073401625000487
2020-04-17,-0.013569012240096878,-0.013782136130354505,0.008811585944833222,-0.00807593137628515,0.011647723586206471
2020-04-20,-0.02075636774841272,0.007835757606907912,-0.019820927471578598,-0.018028077972080836,-0.009988248360573104
2020-04-21,-0.030910501840149762,-0.02736033095931456,-0.04135704246540861,-0.06110448783903211,-0.07990777996173748
2020-04-22,0.028803741260246873,0.015192527091639096,0.03396490561735832,0.06174182409821749,0.06609682849410836
2020-04-23,-0.003875484950245811,0.015214823484082762,-0.012102492511910867,-0.007478631763708443,-0.03616946277907396
2020-04-24,0.028869472813131347,0.004488511186874211,0.018259234804883562,0.01964718533725729,0.02766324531628772
2020-04-27,0.0007067800222499976,-0.01419786171076054,-0.00286445933537105,0.025864214510340267,0.10149622245552825
2020-04-28,-0.016209111758739625,-0.0260606110425593,-0.02436081168434434,-0.019254360971668216,-0.037095477323576875
2020-04-29,0.032845015589829885,0.02533616474965794,0.0448738293069042,0.024368767782687595,0.040812876924676944
2020-04-30,0.021096245364345956,0.042689574239964,0.010032080749151406,-0.0207065111811362,-0.023272674923369818
2020-05-01,-0.016099175884348282,-0.07597409237648922,-0.025891474605326592,-0.0325027974245351,-0.1030337133662409
2020-05-04,0.01414850065478146,0.013101236487597756,0.024459766349636425,0.030093751887537712,0.08536758793631605
2020-05-05,0.01500857559034996,0.0007815221854263754,0.010736134188698232,0.008411133121023262,0.009222447764407393
2020-05-06,0.010317557420070456,0.014436139090531874,0.009847357997509354,0.013787482910200266,0.018705825945557253
2020-05-07,0.010345160785499852,0.006953694859791026,0.005807011234127746,0.023775133352773814,-0.003245695176505081
2020-05-08,0.023801383159969713,0.005068389389295991,0.005882324120407345,0.025027162885803644,0.05048456274844226
2020-05-11,0.01573555271113669,0.012350743942999287,0.011154225152365083,0.03238367716886481,-0.0099216488475673
2020-05-12,-0.01142860227492426,-0.021606420523622827,-0.022651774112272927,-0.03260768279030424,-0.002317270311292141
2020-05-13,-0.012073811639639831,0.004654320575239401,-0.015122329122266409,-0.002883652083612076,-0.02279437261341355
2020-05-14,0.006143336814820266,0.008838926123896362,0.004339503043389481,0.0321977646980498,0.01563919280204029
2020-05-15,-0.005912434964283619,0.008761547889003296,0.014568160483336312,0.057313075738742336,-0.005178425650618879
2020-05-18,0.023561574358863524,0.006838841203809398,0.00955432139638801,0.030562466150987122,0.018093785504579962
2020-05-19,-0.005778296923117376,0.009508426590011165,-0.006922118393052457,0.006313934246501063,-0.006907343337870575
2020-05-20,0.019448186188514516,0.019846275173532213,0.013870579399055227,0.018681825525971307,0.00934395713390801
2020-05-21,-0.007455775629321204,-0.02049693045417056,-0.012011289639015987,-0.021711295791202345,0.01476284478490908
2020-05-22,0.006438528126868848,-0.004029821100215103,0.0004362108637201434,0.028602878530013642,-0.012953077701596039
2020-05-26,-0.00677357139944057,-0.0061636144559754635,-0.010571427997799199,-0.034178275754865206,0.0024360442933191173
2020-05-27,0.004356978547773949,-0.004736042347035618,0.001321773155777084,-0.022081113663043217,0.0016608447192643094
2020-05-28,0.00044021247403969177,-0.003854151605534595,-0.002255378882153991,-0.0044865162498923805,-0.017580381620416863
2020-05-29,-0.0009741364545015063,0.017187950901155657,0.010198727357919157,0.04577557538719845,0.03622440280883765
2020-06-01,0.012298170997555369,0.011738616181262485,-0.0022920281651973573,-0.007802131692362879,0.07556883131087
2020-06-02,0.0046292278492170436,0.0005543957444538172,0.011376509953624714,0.0021575438638072875,-0.018416628784101885
2020-06-03,0.005504953484238628,0.002422733405640143,0.0024338846644473833,-0.006317122820142407,0.0015880436011630472
2020-06-04,-0.008612288186894301,-0.0071820481181339435,-0.013163782680875258,0.00011430662605049768,-0.021042854169221026
2020-06-05,0.028481289675126975,0.009103493113018724,0.023398362402746953,0.01750962079972518,0.024618805538279664
2020-06-08,0.005912328077972706,0.016536458949464095,0.006196521479888251,-0.012892473141351446,0.0725560681818036
2020-06-09,0.031578099449675934,0.030427139202305886,0.007645011569357374,0.027370735026734927,-0.009737634144336038
2020-06-10,0.025727611545774076,0.017913292558120908,0.037091649158888185,0.03545765789458932,0.08970205725269786
2020-06-11,-0.048010715377080126,-0.03380230045218746,-0.05369845845853993,-0.06090681991239555,-0.0509341048991272
2020-06-12,0.008633827323453636,-0.005058743377937103,0.007891950733120101,0.015489833987292423,-0.03860863311078977
2020-06-15,0.01236697618806848,0.01086830941079775,0.006391582350294023,0.027008006356060266,0.059468762792361796
2020-06-16,0.02650212559052334,0.0165547312399128,0.024505176197587852,-0.01147308015007853,-0.008850490655781473
2020-06-17,-0.0013918635104404053,0.009830663019560593,0.003461054345910153,0.018470702800997385,0.009835722116904755
2020-06-18,0.0003982935445814295,0.004922484646629588,0.010708483699061633,-0.0019489747833125737,0.012270733625858066
2020-06-19,-0.0057144499358480205,0.007923935918584757,-0.005959498712462041,0.0046917606773293485,-0.0030478518902198326
2020-06-22,0.026164011780923202,0.014508287231048467,0.02777363705583502,0.02866792227957915,-0.0065740925163715325
2020-06-23,0.021344605742098288,0.018641697717608263,0.006680921791660355,-0.008056515649146001,0.0075025599927995845
2020-06-24,-0.017652023631109515,-0.010855867894827953,-0.020157597333275823,-0.02269787525778888,-0.040857298187609414
2020-06-25,0.013275628798393502,0.007380066387785211,0.012636380647152112,0.027556323075604627,0.02615401198303724
2020-06-26,-0.030725955374224068,-0.02240276315369638,-0.020015806160564642,-0.03530044687492595,-0.026613159231048233
2020-06-29,0.02304665297170061,-0.004638148068063508,0.010746979403383872,0.004915339155056708,0.05169110801188981
2020-06-30,0.00834783377691295,0.029264486024190406,0.025549356408529178,0.03236444264514282,0.0698073149894527
2020-07-01,-0.0018916435433657952,0.043453386195574595,0.005847419257945852,0.0033954524776202977,0.03687680726581788
2020-07-02,0.0,0.004029609482701257,0.007620887139031973,0.008630565176648064,0.0795173412803385
2020-07-06,0.02675027789739115,0.05768955229869066,0.021526270299169425,0.023615568131507336,0.1347939370342961
2020-07-07,-0.003102924209993807,-0.018619371729473477,-0.011627844210425509,0.0033030867292478394,0.013327688522591696
2020-07-08,0.023290206856857232,0.026995584181255694,0.021993012321013028,0.03487238109123725,-0.01725350030984496
2020-07-09,0.004300447376328176,0.032949191382365184,0.007000633061590822,0.028680548451919474,0.020792456491456113
2020-07-10,0.0017490872870524754,0.005457748808544549,-0.00303290792548061,-0.0028311361598010176,0.10784776505418647
2020-07-13,-0.004613191735617361,-0.030000019073486373,-0.03088863267459907,-0.04074703614956465,-0.030809585105470272
2020-07-14,0.01654850877487357,-0.006443299095769239,0.006181416868471956,0.032306401684968566,0.013185863099901995
2020-07-15,0.006877215818950955,-0.02436122126125273,-0.0014880191546522425,-0.014431009697585373,0.019257581163604875
2020-07-16,-0.01230486113953011,-0.002981196241378159,-0.019803962347847315,-0.00904450539676982,-0.029346504366899673
2020-07-17,-0.0020204356643923616,-0.01264375276193297,-0.005099842490193018,0.006586353542298973,0.00013330494375263235
2020-07-20,0.02107404819405123,0.07929519957328535,0.042981094473939274,0.030314065470471663,0.09472028755869433
2020-07-21,-0.013801633464761043,-0.018314900474015072,-0.013468929301236776,-0.017339346348624662,-0.045429074387502544
2020-07-22,0.0028091830003402762,-0.012229630062539742,0.014371460217770471,0.010674295919990584,0.015283476518254346
2020-07-23,-0.04551646978643309,-0.036568799201794455,-0.04349478213006264,-0.029601168824965884,-0.04977615338574293
2020-07-24,-0.002477363123080112,0.007486874288995304,-0.0061222625536278,0.0063921577741210545,-0.06349339370613127
2020-07-27,0.023700374631163923,0.015387648743417026,0.012667782123919613,0.022266873935727904,0.08652080631985237
2020-07-28,-0.016427456809412044,-0.017962780502695397,-0.008977390912123462,-0.019767080424516914,-0.040991122577997974
2020-07-29,0.019168193566556635,0.011065474265779418,0.010098012971129666,0.024472679060449254,0.015320072049045619
2020-07-30,0.012100239173533422,0.006049030252796905,-0.0007840648629197089,0.01418937324530245,-0.007751257440881121
2020-07-31,0.10468892010752562,0.036960821567137314,0.005443816417537883,7.068682347122213e-05,-0.03813804798718812
2020-08-03,0.0251976180994804,-0.01668096589563972,0.05624100302178925,0.0372595104922846,0.03790989277703116
2020-08-04,0.006678044734639732,0.008657119256458845,-0.01500848287542178,0.019754562290350997,0.0013467807962437295
2020-08-05,0.003624514380399013,0.021090645909052075,-0.0016410137785074497,0.0052547099421591525,-0.001331501252462397
2020-08-06,0.03488940986358835,0.0062308600392182445,0.016013959132150646,0.004319166761416859,0.003070674289896047
2020-08-07,-0.022735811707825793,-0.017841853651889505,-0.017887799946171956,-0.011997605088477803,-0.024751944680411975
2020-08-10,0.014534787297701746,-0.006093187166982039,-0.019907612670421737,-0.0030804919182695345,-0.02350091468597615
2020-08-11,-0.029739899787876833,-0.021437993092404684,-0.023385209784596683,-0.02821311482435429,-0.031144060652225414
2020-08-12,0.03323432018141803,0.026478049605839216,0.028566914318947756,0.0544010829624717,0.1312363947417745
2020-08-13,0.017697685544457498,-0.0003858318082136103,-0.0023424476165461172,0.0002400754121203441,0.042604650478076156
2020-08-14,-0.0008913302097259823,-0.004112558082955964,0.0009583678732614231,0.010574414421406164,0.01832819678811437
2020-08-17,-0.0026107917833371186,0.010924312234330102,0.006605916193117567,0.06684519637302233,0.11203058154519474
2020-08-18,0.008332780223650138,0.04087466955935781,0.005754384863662532,-0.006180672125501441,0.028028374195693928
2020-08-19,0.0012546805718993692,-0.015701145907449088,-0.006066848646373524,-0.009970760916303112,-0.004536059116861502
2020-08-20,0.0221895458261665,0.011314270642265756,0.023271451958788658,0.0002057675460587216,0.06563643667445929
2020-08-21,0.05153236924095417,-0.0038364352508537536,-0.007270038424611824,0.0446834377644969,0.024052926729070556
2020-08-24,0.011960432484264594,0.006923017605080961,0.0031449567528125666,0.0028974513338408947,-0.017453806448256226
2020-08-25,-0.008203706212798534,0.011800549645987202,0.013009871109770366,0.0023387542648392046,0.004537751185374361
2020-08-26,0.013598984816632687,0.0284955613728457,0.021619394595826735,0.0018040702815824705,0.06416619165356252
2020-08-27,-0.011954398990387416,-0.01215915158498826,0.024553466103687027,-0.011332678316613998,0.039746079206424145
2020-08-28,-0.0016198177994138918,0.0005293902228860059,0.01028346730585672,0.041138355599454446,-0.011323299439907841
2020-08-31,0.03391219122496558,0.014451219151166761,-0.014765593558207835,0.017245920926529212,0.1256890549105465
2020-09-01,0.0398324222324451,0.01395547583299983,0.007715044929262005,0.033693785435405355,-0.04669690804684601
2020-09-02,-0.020718571627527105,0.009239471142122424,0.019272453151138125,0.03802174880469078,-0.05826756524083643
2020-09-03,-0.08006054862276757,-0.04628410915968095,-0.06194729336248794,-0.09277521082835138,-0.09023849203316048
2020-09-04,0.0006618600497216853,-0.021787358799564616,-0.014035680683227025,-0.03019468326895247,0.027813247275265907
2020-09-08,-0.06729505573039807,-0.04394435952982134,-0.05409570976788591,-0.056209362446635436,-0.21062824320390794
2020-09-09,0.039886486780914554,0.03770662418145765,0.042583430532013855,0.06732161389288605,0.10923349433825735
2020-09-10,-0.03264569156312025,-0.02860545100214451,-0.028018143743805735,-0.03171472189764046,0.013814582587770685
2020-09-11,-0.01312878920803362,-0.018547317429499666,-0.006524912669815586,-0.011959964261686662,0.003716263443279244
2020-09-14,0.02999986809235433,-0.004251985314208007,0.006763730670104051,0.05818152275845234,0.12583177074233998
2020-09-15,0.0015602897172921626,0.017132004407634627,0.016406313513715354,0.009225285186291954,0.07182685140266343
2020-09-16,-0.029513623563724445,-0.024723344317983953,-0.017865729111477435,-0.03667937418252143,-0.01778729846250804
2020-09-17,-0.015963488798323877,-0.02253666798925036,-0.01043635780978791,-0.0040749849209121836,-0.04149312452942333
2020-09-18,-0.031720184822415565,-0.01788790878106783,-0.012419537779421508,-0.02200460940033655,0.04421041843491591
2020-09-21,0.03032576465349579,0.001881613182508124,0.01072913320673985,0.02690931010030173,0.016374511668703073
2020-09-22,0.015715728964194042,0.05692335984779917,0.024094124085224378,0.009626634488717034,-0.055986946823462835
2020-09-23,-0.04194595035287274,-0.04126889165142078,-0.03292848108487367,-0.040671583094509245,-0.10341090738483938
2020-09-24,0.010268571846514085,0.006643681788120581,0.012961991626775138,0.018496446978977232,0.0195341463945935
2020-09-25,0.037516154887667685,0.02494874307344297,0.022786300630368794,0.042577768301434116,0.05041385121376596
2020-09-28,0.023868942540196114,0.025498115680328004,0.007795336900316752,0.012525503388871373,0.034025594039789775
2020-09-29,-0.007567948815313752,-0.009190126805558863,-0.010408582867211802,0.01463365943503514,-0.005056919415549199
2020-09-30,0.015076161197645765,0.0012241460404771587,0.014812117948592274,0.023042313345601473,0.02371912031427703
2020-10-01,0.008462036832968423,0.023034752317315554,0.010127264339423458,0.006208005810353967,0.04463774876849502
2020-10-02,-0.03228037741239553,-0.02988273802333874,-0.02951180088437999,-0.04056341626783766,-0.0737906918190171
2020-10-05,0.030791277267231187,0.0237440429687501,0.02032128622995355,0.044422205258006775,0.025512531789757986
2020-10-06,-0.028669677429451146,-0.03102028886576813,-0.021247354828820342,0.0068901344934562125,-0.02748539351192436
2020-10-07,0.01696728341868159,0.030881037106998743,0.019037422862710596,0.016561579172764462,0.027344297266189477
2020-10-08,-0.0009556595806050616,-0.0016084400175445657,0.003574320397044861,-0.008969557040726439,0.0014577830589765917
2020-10-09,0.017395561730242592,0.030120249141207367,0.02483634845074656,-0.005491651739491954,0.01897077543397918
2020-10-12,0.06352065228228132,0.04754990740220588,0.025902153623190705,0.033660019111914075,0.01912439516394837
2020-10-13,-0.02652729041367974,0.00020333647320058823,0.00659461997786015,0.001563885232948925,0.009834932884270176
2020-10-14,0.0007430694706687113,-0.023208080547411636,-0.00897433406140391,-0.010738204472462431,0.032799718116372834
2020-10-15,-0.0039606781389578405,-0.007450142689235051,-0.005433534886490565,-0.008886033687529937,-0.02692390743031925
2020-10-16,-0.014000532395081922,-0.019750480983333984,0.0,-0.01134571903952386,-0.02051768046956881
2020-10-19,-0.025541747322047725,-0.020013957457728493,-0.024765343679907792,-0.022716610228521672,-0.020106014344170586
2020-10-20,0.013191663912389906,0.003055554339711275,0.002007411533463177,0.010946080086924548,-0.020634587544658856
2020-10-21,-0.005446261625994042,-0.009968886774915697,0.0006989158094563575,-0.008849117005817253,0.0016590325709362475
2020-10-22,-0.009583368718337981,-0.0026812857408547996,0.00041892268797050214,-0.012107224340302647,0.007453064711647084
2020-10-23,-0.0061337060614161665,0.008814971867029398,0.006235697821383779,0.017157991197674027,-0.012118551755604834
2020-10-26,8.675309597538927e-05,0.0008238907949942309,-0.028442170835271785,-0.033038306343749047,-0.0008320996760948773
2020-10-27,0.013472475049890686,0.024723687101579017,0.015089473036837608,0.019442631507871067,0.010469159823756513
2020-10-28,-0.04631210868000901,-0.037595069983728635,-0.049566263440527836,-0.05745806215169624,-0.043938975190562446
2020-10-29,0.03705024941357582,0.015249235849637444,0.01006545835751882,0.03144062593191532,0.011846701366300838
2020-10-30,-0.056017986114499374,-0.0544564552314909,-0.010990770316388287,-0.03762282664897454,-0.05547305218949494
2020-11-02,-0.0008269075052521613,-0.010430948040659138,-0.0006913159462256235,0.00372990245710092,0.03213582666134873
2020-11-03,0.015353616883422738,0.014621516534147005,0.02026367002388385,0.034874917511274584,0.05840061701119437
2020-11-04,0.04083648364981651,0.06322966294024535,0.04824891831794842,0.059506659503705484,-0.006888484603579825
2020-11-05,0.035493810069737064,0.024941733698923496,0.03188681051103903,0.02651449501366865,0.040643300543862226
2020-11-06,-0.001136001578135759,-0.003199936061909714,0.0019257277963578012,0.02839020170363904,-0.01858065570474754
2020-11-09,-0.01996790567793494,-0.05062255447737596,-0.023824399864941004,-0.063950959009478,-0.02021165833954497
2020-11-10,-0.003009104128234852,-0.03458294580536425,-0.033792688129240855,-0.06314737123884406,-0.02587474253102262
2020-11-11,0.030352597714774943,0.03372959332756431,0.02625470958654086,0.050743693747620444,0.0164977197153513
2020-11-12,-0.0023432624802591784,-0.008640935353967705,-0.005125845971948206,0.002887825075502226,-0.012873745767280065
2020-11-13,0.00041964816808137684,0.005957652481424658,0.004966447771892923,-0.011871160805000058,-0.007917146283160204
2020-11-16,0.008720244908054342,0.0007190451875813686,0.0033255775641864993,0.016413388687123165,-0.0010037182511209997
2020-11-17,-0.007564455945216597,0.001469221257177411,-0.012751586564375028,-0.006881248766996362,0.08213879250177958
2020-11-18,-0.011391149804244827,-0.00963120822903818,-0.013183496096224046,0.0004842523543509003,0.10196775866118779
2020-11-19,0.00516807320868784,0.003722494885254779,0.006348136994595022,0.0008564710046237156,0.025953518324515645
2020-11-20,-0.010957586728330915,-0.005652814007175211,-0.009556492433230424,-0.02622692747673072,-0.019348255020757876
2020-11-23,-0.0297423659152648,-0.00032591205652088284,-0.0013308969918455205,0.003992109201032212,0.06584827501609536
2020-11-24,0.011594033133486947,0.006348492495275249,0.017847834015750408,-0.01386997309763116,0.06425217853318599
2020-11-25,0.007467370230184844,0.02149089105013391,4.672886051926284e-05,0.021377256402449252,0.03352658623835669
2020-11-27,0.004826208034358848,0.003224444340751864,0.006359150480692355,0.0020021846351376826,0.020487795852708768
2020-11-30,0.021099598145186027,-0.008543726224847115,-0.005389746537064477,0.01057613388712264,-0.031002439645386293
2020-12-01,0.030827440347271695,0.01642659261366375,0.009996942150354071,-0.0008581409060086642,0.030232565079099327
2020-12-02,0.0029336155379600104,-0.005139620139509304,-0.0038852877007441444,0.01153837250310219,-0.027258998689319136
2020-12-03,-0.0011378392285179562,-0.005244192164348127,-0.005246521923918057,-0.010671748673739212,0.04317707064578702
2020-12-04,-0.005612341101238649,-0.007578327983446487,0.0005598259800470018,0.01211181263883665,0.00953853028069096
2020-12-07,0.012269901250553383,-0.00144820943300783,-0.0003263390645779074,0.0035772585059528073,0.07131413268972531
2020-12-08,0.00509084431551865,0.006108347649924184,0.0080262923701504,-0.018869424473907936,0.01265269756091203
2020-12-09,-0.020903561800977966,-0.02300385041546993,-0.019489733614457605,-0.03140421408438754,-0.06985904262531573
2020-12-10,0.011988853923643905,-0.0008730964486967085,-0.006043457144349285,0.0032091426393934253,0.03737095767859411
2020-12-11,-0.0067347855921597866,0.004813852496939441,0.013015475069155569,0.003160686282533076,-0.027237767375868138
2020-12-14,-0.00514670041190779,0.013011701561464806,0.004407411584395504,0.022707435776451845,0.048918853305726984
2020-12-15,0.05009028471297605,0.0025815971159888207,-0.000326582887131166,0.0038888001778756287,-0.010284031966116491
2020-12-16,-0.0005473198564969195,0.023961224378619583,0.024050798926844363,-0.008832195374767537,-0.016549539644792777
2020-12-17,0.006963398487092043,-0.0015057469987226346,0.0006384700443504698,0.00745705697620247,0.053197818564255206
2020-12-18,-0.015850692152315604,-0.01063939440891426,-0.003782831189496516,-0.005190715252990641,0.059612778969587055
2020-12-21,0.012395282743019598,0.0014149045573290664,0.018299190147489597,0.004539551022946453,-0.06494968189377415
2020-12-22,0.028464560161068242,0.00010603453584812073,0.006065062043332015,-0.004050167296536511,-0.01464926902636221
2020-12-23,-0.006975728248897695,-0.006627122071927394,-0.013039256771260721,-0.02025892826852449,0.008807772074100217
2020-12-24,0.0077119288879432535,-0.003949415822362745,0.007827182389575249,-0.0011913518369645049,0.02444349518922251
2020-12-28,0.0357656536258919,0.03507113271672124,0.009921792976458566,-0.00721515325714206,0.002901307404113318
2020-12-29,-0.01331462994307031,0.011583625131030173,-0.003600825888027348,0.003352989127714867,0.003465523985226371
2020-12-30,-0.00852672714880287,-0.010882060864285004,-0.011019424196314964,0.015645017915214332,0.0432288658824449
2020-12-31,-0.007702705081046868,-0.008801370623195415,0.003338038380646946,-0.006903133718450194,0.01567398119122254
2021-01-04,-0.024719171271913698,-0.021584740620304466,-0.021265871222965083,0.004480941219633605,0.03415197180829077
2021-01-05,0.012363626929009275,0.010004358381754175,0.0009644803550001857,0.022209873841084304,0.007317368906131216
2021-01-06,-0.033661659834232416,-0.024896614147709384,-0.02592934617434106,-0.05895307719765863,0.028390302267496503
2021-01-07,0.03412306340131499,0.0075771277744003385,0.028456875242785173,0.057830374011719865,0.07944656360858104
2021-01-08,0.008631613272374938,0.006495514374673217,0.006093121293199166,-0.005039777228027953,0.07840299470467449
2021-01-11,-0.023248867391203576,-0.021519462280005563,-0.009698660780703028,0.025966712885163723,-0.07821411721500826
2021-01-12,-0.0013954343271856962,0.002125797051401035,-0.011770769469561682,-0.01003956157531527,0.047152947996006445
2021-01-13,0.01622648016116912,0.014438406874172749,0.006560418445345384,0.003485617227665827,0.005850950889994211
2021-01-14,-0.015127107378458682,-0.012135545173177387,-0.015346231571533475,-0.024497910133736367,-0.011013523157297866
2021-01-15,-0.013730550572391254,-0.007424600125642833,-0.0017367583956727772,-0.025813902197841743,-0.02229585445953386
2021-01-19,0.005427062814198358,0.005318518294228358,0.01782247633529721,0.012889250278696585,0.022259629183487784
2021-01-20,0.03285614666348291,0.04570048462239673,0.03649991461521651,0.02614148677058048,0.00698599786790699
2021-01-21,0.03665847745264661,0.013363421550624865,0.00280816953824492,0.03753996616516453,-0.006420156263490129
2021-01-22,0.016073487841056888,-0.00446331304512726,0.004356251665351696,-0.01117716290109394,0.0019526425140830028
2021-01-25,0.02768405427941545,0.0005376354551673845,0.015844036292775865,-0.004320836664632122,0.040347806114603646
2021-01-26,0.0016791766940462693,0.009754137082109926,0.01219888693732507,-0.015967019416623596,0.0025999188207492807
2021-01-27,-0.00768369017029058,-0.02812581228312927,0.002453305153127694,-0.03851800302300468,-0.02143608477064074
2021-01-28,-0.034985043755464185,0.0015591193708615059,0.02589098330920203,0.010315160958846104,-0.033246240146660666
2021-01-29,-0.03742084678900248,-0.009704654514695155,-0.02917165001651356,-0.0046930755279499525,-0.05015373491403896
2021-02-01,0.016520199988752315,0.042629902924745666,0.03315207502716877,0.019034284684336544,0.058321672867634566
2021-02-02,0.006336890567872011,0.011104214562255077,-0.0005840678242275965,0.024155785903339888,0.039270726531715816
2021-02-03,-0.007778542427256285,-0.019961565909300982,0.014571432507163973,-0.0019362732855804365,-0.020738065332563282
2021-02-04,0.025757560848985506,0.005575845147329783,-0.0040741539973147,0.009885061403643869,-0.005499119810906672
2021-02-05,-0.003097949116117271,0.006349415177487883,0.000785168857076135,-0.005360868008319697,0.0026353496607176563
2021-02-08,0.0010966096741982234,-0.008713780773966562,0.0011147073256585482,0.06237594966130944,0.0131302972383458
2021-02-09,-0.006573366047213036,-0.00539885256244832,0.005361583650039137,-0.012154719407728165,-0.016168321643152184
2021-02-10,-0.00455863787987687,-0.005573405440383872,-0.0038971727010783663,0.035125096608046746,-0.052550944303998315
2021-02-11,-0.0019203481342618955,-0.007439273910078148,0.006877470656685425,0.03295134016320467,0.008498789811735685
2021-02-12,0.001776226939685488,0.004775969497859078,0.0020451650835846547,-0.018982666538650217,0.005494900903412869
2021-02-16,-0.016104210344561,-0.0026726192693009576,-0.005265446899397674,0.024663802114763378,-0.024383660823671716
2021-02-17,-0.017643772995992735,0.012141589169594624,0.004359572871995621,-0.027674173815589564,0.0024238672272682837
2021-02-18,-0.008636633040979391,0.005920814274298136,-0.0016791381058207655,-0.005165668200089124,-0.013493691045324274
2021-02-19,0.0012335108656569282,-0.023535055745747435,-0.011567160236233942,0.006574957964874395,-0.007721833533733569
2021-02-22,-0.029799035734379142,-0.021280609604111933,-0.026808275569705775,-0.03823747981172865,-0.08549845855559934
2021-02-23,-0.001111055436767483,0.004326059526709614,-0.005287806074131707,-0.014889272986638002,-0.021917429429917368
2021-02-24,-0.004052095958272606,-0.010946968676518232,0.005487225230574433,0.025243770043091196,0.06178807266392261
2021-02-25,-0.03478272878463817,-0.03240038681954516,-0.02370480111681217,-0.08217800072929493,-0.08059082496045267
2021-02-26,0.002231773627508149,0.011700387973209825,0.014804033583707188,0.03058399564986214,-0.009850152211020369
2021-03-01,0.05385109754004436,0.017203798394717307,0.01962297834217397,0.009278648083986152,0.06355291148192554
2021-03-02,-0.02089355211471977,-0.016404262105025436,-0.012956794488318768,-0.031462813179709226,-0.044527636486599076
2021-03-03,-0.024456617007018733,-0.02893170479822993,-0.026980682362601205,-0.04486715728452806,-0.048423758283395624
2021-03-04,-0.01581185490596826,-0.009128157985388907,-0.0036475200225069004,-0.03393272148412341,-0.04862218183112754
2021-03-05,0.010738368289139322,0.007687481916645478,0.02147940878971455,0.007376718436136631,-0.037799313531283074
2021-03-08,-0.041673494223693264,-0.016167463748385735,-0.01817804308046045,-0.0696746808507046,-0.05844967282854319
2021-03-09,0.040649734421519756,0.03756837366056898,0.02810138872629664,0.0803332415692013,0.1964120760817838
2021-03-10,-0.009166764777039371,-0.0017010173123747085,-0.005817262772511156,-0.004153510358461676,-0.00819506910832657
2021-03-11,0.016502891903694694,0.018298429776605563,0.02026492529297208,0.04212717132847632,0.04721134236531421
2021-03-12,-0.007625700159327176,-0.0077402727850476305,-0.0058193744080303755,-0.010582160859058165,-0.008390501992574073
2021-03-15,0.024456871017359383,-0.0025279442445658162,-0.003987439044255803,0.02607721816432007,0.020483461206222797
2021-03-16,0.012742936952950368,0.0033034103914528767,0.01235044381793804,0.007580711899680237,-0.04387377195940434
2021-03-17,-0.006450618038674749,0.014188848597238346,-0.002818532542166796,0.0037620903008133144,0.03683074261011732
2021-03-18,-0.033905173154226254,-0.03435878370750434,-0.026662058363285723,-0.04637883249895769,-0.06932072763951169
2021-03-19,-0.004480127294702929,0.015511909856343209,-0.0016039021324020242,0.009687630594164665,0.0026180050626212203
2021-03-22,0.02833575602697125,0.01167821172408301,0.024484597554322196,0.026506633505712474,0.023103830299388672
2021-03-23,-0.006888852407689328,0.008560288075996736,0.006737488676178183,-0.008759121758941557,-0.01170146456365928
2021-03-24,-0.019993620512545163,-0.016073304438495972,-0.008923265220175391,-0.0327258379942208,-0.04816058727810224
2021-03-25,0.004163755375343969,-0.013219634289670767,-0.013250633177430249,-0.008522427795793264,0.016056627401557888
2021-03-26,0.005141297336067385,0.0018941122432061253,0.01781879687736443,0.02425163687451448,-0.03385438241576755
2021-03-29,0.0014849331757451623,0.007765307334585803,-0.005243823115683055,0.008489709757503183,-0.01199266702111268
2021-03-30,-0.012274187225653876,-0.006645597502498379,-0.014410511728034536,-0.005908179004939007,0.039801078851212424
2021-03-31,0.018765506526779108,0.01269600564306872,0.016907554027074445,0.03701888313033974,0.05083220558444013
2021-04-01,0.006958720675291241,0.02162845443110406,0.02790828677500734,0.03472401137330672,-0.009252455923119962
2021-04-05,0.023577089092856385,0.02079404593469847,0.02772863191837871,0.012724538204037739,0.04427659122771899
2021-04-06,0.0024622905760456337,-0.0009018902147276409,-0.004858218845476103,-0.009008082865968658,0.0008247761127986308
2021-04-07,0.013390481811696109,0.01723733655641202,0.008230400399105608,0.02034404875497775,-0.029857428208930892
2021-04-08,0.01923369480274828,0.006071242952548017,0.013405485438431564,0.012267285723865484,0.01912159613436426
2021-04-09,0.020251566212414307,0.02209562242522667,0.010266421102910872,0.005797303335401072,-0.009915155733034697
2021-04-12,-0.013232739962012463,0.0021321218730274705,0.0002346279242408933,0.056180399685715976,0.03686741230129442
2021-04-13,0.02430632648958775,0.006098747605224553,0.0100816630552798,0.03093571621335256,0.0859569036478478
2021-04-14,-0.01785324508312347,-0.01970591825597423,-0.011219093510532296,-0.025670353680252278,-0.03947166704647498
2021-04-15,0.01870793340253374,0.013828409714570444,0.015298059087333948,0.05631040181680458,0.009040931223980753
2021-04-16,-0.0025273217599282027,0.006022342354579324,0.004778403659721153,-0.013927874815194974,0.0012587029151958085
2021-04-19,0.0050679176872079346,-0.00806900981526193,-0.00767039114969692,-0.03461107824879539,-0.03399658468630862
2021-04-20,-0.012829794093812352,-0.011067567276491497,-0.0018550127720730059,-0.012400836099534018,0.006101017267521991
2021-04-21,0.0029296258948234843,0.008195669633476843,0.008983081195680143,0.012474118859619576,0.034951793439894185
2021-04-22,-0.011685211827909048,-0.015758395892332966,-0.013086298893673742,-0.03321821142417569,-0.03283069676699324
2021-04-23,0.018038547778166603,0.00962218974677076,0.015476015647728936,0.02794559113207251,0.013491908213451476
2021-04-26,0.0029779969031538123,0.020389780364207244,0.0015316699586751525,0.013936714622812207,0.012064715006025573
2021-04-27,-0.00244946837675164,0.0024729175512423485,0.0016058729484733636,-0.006218276016515589,-0.04532647907368281
2021-04-28,-0.00602738078043652,0.012017786731569835,-0.028285682460992723,-0.006826291141093455,-0.014672094304228334
2021-04-29,-0.0007484770099575044,0.0037039347600635875,-0.008053069361655174,0.0031420851977848052,-0.02505755171974844
2021-04-30,-0.01513344771160896,-0.001120636171800582,-0.0013069243057629576,-0.020571388928418477,0.04791723957558203
2021-05-03,0.008215389107202986,-0.023340170719312603,-0.0012689082974609578,-0.011509435007875934,-0.034590632711300695
2021-05-04,-0.035385542978983,-0.022034541333801894,-0.016159722284921463,-0.03272275279852632,-0.01649874089928205
2021-05-05,0.0019555460358990917,-0.012479432999494278,-0.00532708373723334,0.0074731473738158805,-0.003948959080373515
2021-05-06,0.012802483498843165,0.010955401769447537,0.013226995714296308,0.0044611025305700824,-0.011029338520784915
2021-05-07,0.005327031764038814,-0.0044640578502762596,0.010931488268069778,0.019916744913474727,0.013307460953421169
2021-05-10,-0.025804288457443203,-0.03072052637375966,-0.020914112401000717,-0.03689506595419445,-0.06444373139784076
2021-05-11,-0.007410292444771427,0.010474816917876772,-0.003843390737583996,0.002838728494656273,-0.018822278764288325
2021-05-12,-0.024938359473884897,-0.022323796765424953,-0.029362688573523754,-0.03828729879171111,-0.044248212926854213
2021-05-13,0.01791963083532444,0.0030235440044839024,0.016861965751373553,-0.006777636149468247,-0.030853203980896415
2021-05-14,0.019844676370936343,0.019430851184491837,0.021067108513821653,0.04227879199013729,0.03157303299711356
2021-05-17,-0.009258480380381906,0.0147351540352203,-0.011968535382443357,-0.005441179659080975,-0.02189098294684022
2021-05-18,-0.011245671686879288,-0.011653058569779051,-0.00856494426044252,-0.010571559817179277,0.0018029458511532592
2021-05-19,-0.001281671625996128,-0.000148514828115065,0.0024738560917823005,0.003567211207430754,-0.02493638386588848
2021-05-20,0.021012260271846328,0.004913709794237331,0.013820477101616602,0.03887111985685077,0.04138712802336375
2021-05-21,-0.014767278602918599,-0.013732853548741542,-0.005314801067646147,0.02595376514496328,-0.010054917128925145
2021-05-24,0.013314309269630176,0.013084215261017773,0.02288198971752875,0.041372877566266286,0.0440022264046771
2021-05-25,-0.001573559282074033,0.004332851226203749,0.0037482386637575082,0.0022898839209142263,-0.002885668382965889
2021-05-26,-0.00039407144012992834,0.0018747562447005706,-0.0009136438297937532,0.0033391777548965607,0.023879957500782645
2021-05-27,-0.012376748645496538,-0.010734558114025683,-0.008668312805177325,-0.013503170129201436,0.018929840154243482
2021-05-28,-0.005348028844401331,-0.0021794289420000723,0.0014841319679810283,0.04884429880497665,-0.008924522802159385
2021-06-01,-0.0026482293010130498,-0.0013714148069622345,-0.009131785249020252,0.0012311390243056053,-0.002111268599623961
2021-06-02,0.006276105872178972,0.004765962837133042,-0.0004043261681563326,0.031587106464684656,-0.030100952337768105
2021-06-03,-0.012154216149070862,-0.014526941142032901,-0.006429301453000136,0.011413845021020608,-0.05334476431283097
2021-06-04,0.019022248092727123,0.006027657821926935,0.020674843504274953,0.03585778400774342,0.045754470575515294
2021-06-07,7.938448820898891e-05,-0.0025606925929613222,0.012041862095779399,0.0023182030994368663,0.010149431698305955
2021-06-08,0.006671929146458977,0.020669153552085318,-0.0048853991474117064,-0.009194605677949275,-0.002544921741878703
2021-06-09,0.003077205945867245,0.005220349302289318,0.004038388117176384,-0.005428892710936828,-0.007968981371759054
2021-06-10,-0.008023283379160584,0.02087684594544914,0.014393386189496482,0.0038454070590687728,0.018938501740255687
2021-06-11,0.009832705359386296,-0.0008418265339896758,0.0025267557711596833,0.022970016255909664,-0.0003770180312155924
2021-06-14,0.024577650592229938,0.011067127216432215,0.007755194219442485,0.010854971366465849,0.012789221849023313
2021-06-15,-0.00643731875713216,-0.0002186996793457352,-0.005887027624881358,-0.012777996866134678,-0.029675082579620482
2021-06-16,0.003933608377687747,0.0094941835711142,-0.003793077487742158,0.0012225707451587464,0.009193155632698069
2021-06-17,0.012600977070506891,0.02166464377780497,0.013676225645764761,0.04755688354216492,0.019392614586788648
2021-06-18,-0.010091877249848613,-0.0006706583139327593,-0.005634619892713633,-0.0009913503021082848,0.010882243306208794
2021-06-21,0.014103826383238705,-0.009446804682075038,0.012334986841143758,-0.011347480922826558,-0.003978800587379316
2021-06-22,0.012698471242135634,0.01490466106187549,0.010965634010011494,0.0249357149926559,0.004638983624974058
2021-06-23,-0.0020898347626263636,-0.0004621896804161141,-0.0009036570594271875,0.009027817703470609,0.05268476618207507
2021-06-24,-0.0021689586249676873,-0.015622946391951387,0.005353163070698663,0.007778783374365217,0.035411302984154513
2021-06-25,-0.00224870024492807,-0.013806561613952328,-0.0062625098797041145,-0.009085725764114927,-0.011694312026312215
2021-06-28,0.012545882842821765,0.012474089136242261,0.013961614882938678,0.05012887595993987,0.025079265670401973
2021-06-29,0.011500537604588024,0.0012340341405479016,0.009973394205954333,0.002088875496821796,-0.011557681931348984
2021-06-30,0.004621216918543336,-0.0023143032508132766,-0.0018425647659761069,-0.0012109830029953805,-0.0015570796861552605
2021-07-01,0.0022634957020188917,-0.0020900020900020966,0.0025844696390702193,0.010474045887543193,-0.0026188230779431443
2021-07-02,0.0195960544021907,0.022723749230608936,0.022275106313379034,0.013605617188129582,0.0014456370513082906
2021-07-06,0.014718514294615348,0.04692710742205475,3.588462339321197e-05,0.010323667900273836,-0.028457809785947474
2021-07-07,0.01795549416096809,0.005669564076709488,0.008175686640199853,-0.015786390797820404,-0.02263562857139878
2021-07-08,-0.009199968497926592,0.009422227593882448,-0.00896643687312415,-0.02302179040060237,0.012658037290573132
2021-07-09,0.01305488616240158,-0.003234704202571881,0.0018742953663946071,0.007410964212021032,0.006341837079579804
2021-07-12,-0.004203436814264605,-0.00021234814297532711,-0.0022307448701430754,0.023054551161456605,0.0437628194032984
2021-07-13,0.007889075421790626,-0.011076947823728367,0.013197799600131122,-0.012797162018322816,-0.0250255268170938
2021-07-14,0.024100515353487673,0.0011747744165069296,0.005445492954263109,-0.020172919368836695,-0.022676262535623493
2021-07-15,-0.004491710374229907,-0.013711143174944485,-0.005239326758641694,-0.044111775408608445,-0.004254796226577984
2021-07-16,-0.014076175474989405,-0.01585423166667732,-0.0009960723901424329,-0.04245718675225296,-0.009806316575730722
2021-07-19,-0.026914471754147296,-0.006727030092302577,-0.013321595793111318,0.03407049366025694,0.003104482057777691
2021-07-20,0.025973836336406375,0.0066486136498793424,0.008339428150552664,-0.008932664202981888,0.02209778342837665
2021-07-21,-0.005131271122578829,0.003361110852517335,0.007446296952856146,0.04287549789451184,-0.007888019850240235
2021-07-22,0.009628255935011598,0.014735635895966048,0.01684466098239512,0.00947969757628453,-0.009202007847976312
2021-07-23,0.01198923551258102,0.005115384934792466,0.012336332649281356,-0.001837567214772462,-0.009056424875986235
2021-07-26,0.002894423345049635,0.01180863619816197,-0.0021404126001292045,-0.013498052457791565,0.022133069927244398
2021-07-27,-0.01489998897805589,-0.019846876786293155,-0.008683423237241028,-0.004457371983575098,-0.01952494819687245
2021-07-28,-0.012196060186865476,0.0010837371680696428,-0.0011169999598026337,0.015358037037641603,0.0034120354402995545
2021-07-29,0.004551970150760809,-0.008373940689987869,0.0009781214746387157,0.008152958619728423,0.04694118807422987
2021-07-30,0.0015104836651167464,-0.07564890713277761,-0.00554923345709879,-0.008290234130446161,0.014541928508582602
2021-08-02,-0.002330824125069797,0.0011690369463182027,-0.00031595699777375863,0.012872402087585,0.032697928666004517
2021-08-03,0.012644314728117223,0.01043374884144277,0.008074990923252479,0.003291251989275379,9.862621233169833e-05
2021-08-04,-0.002782357079700981,-0.0034222398904129037,-0.0021241687770949813,0.023164054114678923,0.001662548831768751
2021-08-05,0.0007485091279693101,0.006340362999381677,0.01050534941322856,0.01790484050111263,0.005218642492307302
2021-08-06,-0.004767073300943836,-0.009197334693852421,-0.00020724757141687977,-0.013131722785836852,-0.021731523084098314
2021-08-09,-0.0003420522644319579,-0.0009177334401756498,-0.0039036610949982897,-0.0034861671751345025,0.020969779282747014
2021-08-10,-0.003353921927248038,-0.006340816609805455,-0.006555076120429382,-0.017689251089005542,-0.005281893495678203
2021-08-11,0.0017853538349070774,-0.008603643493863333,0.0017807123868680552,-0.0118881119551697,-0.0030563570472872392
2021-08-12,0.02077344938400194,0.003459810192938395,0.009966759040139994,0.010457531309125523,0.020386528392057013
2021-08-13,0.0014106934549487082,-0.0028848279463596915,0.010489742479712572,0.014217398177620577,-0.007033557040173943
2021-08-16,0.013547773678623143,0.0015239472057770875,0.005975858195993666,-0.011789243224636814,-0.0432254973537064
2021-08-17,-0.00615389766313712,-0.01728702615047184,-0.005159807441578401,-0.024661546839632953,-0.02981764971635026
2021-08-18,-0.025501044079027424,-0.012566487390164305,-0.006119168533615715,-0.021482313318163748,0.03497015710402862
2021-08-19,0.002322800069865405,-0.0042078187123096855,0.020775206701416638,0.03981102906765477,-0.02252568828990298
2021-08-20,0.010156929700080308,0.003827154714335368,0.02557533839888526,0.0514195939989166,0.010082056516856674
2021-08-23,0.010257343542237285,0.02060035500127988,0.0009529254019029487,0.054861498747593496,0.03827951753459802
2021-08-24,-0.0006014500516385857,0.012220318769066596,-0.006663503668149606,-0.00751444910567256,0.0031006472789958384
2021-08-25,-0.008421297632361324,-0.0019965141547840792,-0.0020158100119470612,0.01927218397265751,0.0038250458739306215
2021-08-26,-0.005527147335159244,0.005098257262930783,-0.009668209628948765,-0.006527364472027841,-0.01411697599720807
2021-08-27,0.007184899876903517,0.01014175672465778,0.0021062041058008685,0.025738276112186265,0.015346011908018431
2021-08-30,0.03041693394279288,0.021476998866989616,0.012912019839611544,0.002297507452710734,0.02667435264494311
2021-08-31,-0.008424924264614053,0.01438520002272603,-0.005632638865489814,-0.013181396952542945,0.00658083407543808
2021-09-01,0.00447885047843255,0.0023654092095504176,-0.00016575574443322694,0.0025020008236400493,-0.0022155233598404322
2021-09-02,0.007475120646561084,-0.004564478889317991,-0.0022528681022374597,-0.0020052417528758637,-0.002315788147756681
2021-09-03,0.004230149140173278,0.004311086264728647,-3.2916021973639076e-05,0.01995863170559886,0.0016111325842673718
2021-09-07,0.01548930375151536,0.008982024369138308,-0.003187806073868482,-0.007923658558728564,0.02637783858939624
2021-09-08,-0.010083717036416862,0.004619174430729789,9.970013996007943e-05,-0.014252954261046114,0.0012617502122473923
2021-09-09,-0.00670467475758163,-0.011726004336084506,-0.009859835577628706,-0.007251679827464885,0.001313231087076927
2021-09-10,-0.033101875760121025,-0.004308001431212238,-0.0051807487442336875,0.01357255196417917,-0.024627038366134335
2021-09-13,0.0038934139026776116,-0.0034532897607970625,0.004328778543121192,-0.014503041432098462,0.00914066245943812
2021-09-14,-0.009562282333658856,-0.002073980962099431,0.009427796489435813,0.004062891948662717,0.0020053498586631857
2021-09-15,0.006143799532103866,0.007475391332653958,0.01677828243207924,0.0044508647918659605,0.015231899000174076
2021-09-16,-0.0016103471299816485,0.0035819053548502566,0.001312321096120117,-0.004431142376275732,0.0015347617076681974
2021-09-17,-0.01834808367328178,-0.007373319866162298,-0.017528395666870922,-0.01537637878369269,0.0033025333532406
2021-09-20,-0.021360946005371306,-0.03084174438431353,-0.018574807699233364,-0.035936139286763535,-0.03860484330594227
2021-09-21,0.003427723272880767,-0.0036057473697842513,0.0016990659280409215,0.0062994180396220845,0.012613531089680885
2021-09-22,0.016872333399494233,0.01089234819407503,0.012822093943390955,0.03271199810283343,0.0169871810945057
2021-09-23,0.006719311048981824,0.01063594079605279,0.0032825984416249288,0.024657345697215005,0.00226081461648886
2021-09-24,0.0006131410647745028,0.0027868730462519142,-0.0007012484082359327,-0.01783657451254783,0.027533059916662994
2021-09-27,-0.010550086844741013,-0.005756835077931344,-0.017304097707499633,-0.019066282688169234,0.02191406322043732
2021-09-28,-0.023801277743306648,-0.0263784679831095,-0.03620353872737159,-0.04436750680940427,-0.01743835612317879
2021-09-29,0.006482969508815994,-0.004475351789266391,0.0016931833007758357,-0.008792776367617439,0.004822778775393388
2021-09-30,-0.009311673917899332,-0.0048710792439015105,-0.007323982110562066,0.009699347613275178,-0.0074618094773734045
2021-10-01,0.00812705397383584,-0.0005418778291703674,0.025467970246178195,0.0012550010435274928,-0.0003352887910832436
2021-10-04,-0.024605642594518917,-0.028471678341373097,-0.02071958775535243,-0.04869358560391601,0.008139621398127295
2021-10-05,0.014158748942757038,0.00978753803838428,0.019956887583310712,0.036438391328459385,-0.001202850103416031
2021-10-06,0.006307019759139942,0.012732016728672857,0.015064560915472924,0.012175695638544815,0.0027671424905384434
2021-10-07,0.009084237708252285,0.012391203105561077,0.00593602781750624,0.018115731593798534,0.013874260399496352
2021-10-08,-0.0027217491559514695,-0.004181805261295635,0.0,-0.01157784376286719,-0.010231834522373306
2021-10-11,-0.00062967564491756,-0.01286860335091844,-0.002102336404329108,-0.006528571803462557,0.008211528565575943
2021-10-12,-0.009102807321305528,0.0003172745113595443,-0.004588105434073064,-0.0011596664748975138,0.01740026730336086
2021-10-13,-0.004240026414364717,0.011378601203982708,0.011710958973580876,0.012965044321638253,0.006652379022320076
2021-10-14,0.020225606689515674,0.004743759227551214,0.021733988540886262,0.038540624896165276,0.008926471099504285
2021-10-15,0.007512207500128154,0.03308023939004423,0.004822497750683219,0.005334128145118022,0.030195999501915205
2021-10-18,0.011806396827936494,0.011064772529006062,0.010124645131469157,0.016467059585913546,0.03212224493643445
2021-10-19,0.015080223978408691,-0.0007514424560826072,0.003058871738045088,0.0030599981025534184,-0.006711860640270406
2021-10-20,0.0033611183544481893,-0.008446195751808605,-0.002660233581886162,-0.00838949496931285,0.0017703140411262641
2021-10-21,0.0014736324931099443,0.005841756945129006,0.010897406774054152,0.02664795093623762,0.03257101073349511
2021-10-22,-0.0052849432501690385,-0.028954833317208384,-0.005148743575917658,0.0014984781476148346,0.01753910755951127
2021-10-25,-0.000336186136843164,-0.004550989805058192,-0.0033313975899739168,0.01936107607885229,0.12661598362581983
2021-10-26,0.0045748667568086265,0.01677526160393561,0.006425544388540816,0.06695137431533826,-0.006274050392506725
2021-10-27,-0.0031477155844760185,0.004863638245470758,0.04211452961688478,-0.010761638567812204,0.019078438805710585
2021-10-28,0.02499171978471537,0.01594115275917063,0.003651090334131135,0.02003998647939187,0.03775074872979922
2021-10-29,-0.018155323270117818,-0.021511245053778105,0.022413965153512017,0.025099316544000327,0.03431629436179362
2021-11-01,-0.005607554577254592,-0.01610709978002456,-0.006784538982831045,0.01016918488404217,0.0849102277797451
2021-11-02,0.007115567108832543,-0.0016154097805501921,0.011415350151281922,0.022224845362198042,-0.03027499529203259
2021-11-03,0.009798808703695538,0.021507811127532195,0.0026115997581481754,0.007461849667334652,0.03571673801973452
2021-11-04,-0.003498470024983491,0.02748232410840923,0.007305682527283697,0.1204225992796284,0.013222297879683653
2021-11-05,0.0035823369581522435,0.01207642928374364,-0.0011294920937906516,-0.0016443096061109497,-0.006358169933862068
2021-11-08,-0.005552747285369364,-0.008527948857282919,0.0027672230515221052,0.03535900613328957,-0.04840070953386311
2021-11-09,0.002459463118107408,0.025007238016599764,-0.003085786267926882,-0.004772061126214422,-0.11990303254359846
2021-11-10,-0.019163174742089062,-0.026334994227121156,-0.015330100079290032,-0.03907759681131029,0.043429451929624774
2021-11-11,-0.0003378653320441627,-0.0027425987825921982,0.00492758970592333,0.03160328454647954,-0.004157528824601631
2021-11-12,0.014336869938413876,0.015162029225161966,0.012904865025223478,0.0,-0.02829310201599211
2021-11-15,6.65365253815775e-05,0.0058238044631160335,-0.0019303628468920753,-0.012010440579892423,-0.01938224449936754
2021-11-16,0.006666724189210216,-0.001404486161877938,0.01023608527740305,0.0059283676267813945,0.04079376842602822
2021-11-17,0.0164901352779101,0.0023441312596286235,0.0006786193217052094,-0.03118898981917473,0.032501208284666294
2021-11-18,0.028535958216967305,0.04143700734081479,0.006340018630498934,0.0824989999234429,0.006767610267700563
2021-11-19,0.01697619821819507,-0.005273114275827329,0.0053915563993574,0.041357448932345386,0.03710391800920432
2021-11-22,0.002927354692144668,-0.02828730052206352,-0.009559795201472987,-0.031196040506785594,0.017422122080461122
2021-11-23,0.0024222058129259594,0.0020909577736383245,-0.006326587584089327,-0.006571403467102277,-0.041352932727292124
2021-11-24,0.0032832142014931343,0.00010331533981333685,0.0006813319355949421,0.029231672081121207,0.006284772484400847
2021-11-26,-0.03167849159595815,-0.021184701669844985,-0.024355673189328853,-0.03583866196525609,-0.030537595031082
2021-11-29,0.021873807009590296,0.016267432688752415,0.02108102722891303,0.05945478534446669,0.050900227900227524
2021-11-30,0.031577826730619485,-0.015302274022490625,-0.017942672247512448,-0.02097341591242652,0.006833823403773698
2021-12-01,-0.003206422277984289,-0.0180634873037836,-0.0015423988519120968,-0.03786109226923684,-0.04346763456194869
2021-12-02,-0.006129591231246345,-0.0018468889124809706,-0.0017876560368204064,0.021982050600191982,-0.00949773919092467
2021-12-03,-0.011724706172946298,-0.013839076006382012,-0.01966681185922592,-0.044605636091890166,-0.06419876077133224
2021-12-06,0.021502768648512305,0.011086219388703134,0.009844925901995705,-0.021373049251830256,-0.005872086315763081
2021-12-07,0.03544635145404862,0.027986504263362688,0.0267635497975538,0.07956846778858284,0.04235837141187604
2021-12-08,0.022783049130877364,-3.689871657430732e-05,0.00014922541532524924,-0.01853388795316735,0.016363195584229162
2021-12-09,-0.0029700428864680717,-0.011279643604146683,-0.005582613765514721,-0.04197815530191029,-0.06095644581905246
2021-12-10,0.0280131997705646,-0.011247564604614624,0.02833995878956097,-0.009576982197252004,0.013179927022311633
2021-12-13,-0.020674261422177542,-0.015356076499860039,-0.009166963677114226,-0.0674549129345362,-0.04977243020772948
2021-12-14,-0.008022992501669712,-0.0028071293797337082,-0.03258663240573423,0.0062497582308402855,-0.008174578197676419
2021-12-15,0.02850902203093475,0.024977573145925636,0.01921752171531632,0.07488443046744897,0.018236618133556703
2021-12-16,-0.03926386002378934,-0.025641174633125208,-0.029134813384296687,-0.06802576732469967,-0.050277132790258694
2021-12-17,-0.006501891609974497,0.00678920370502567,-0.0033853742763122474,-0.020643240581187383,0.006095449446181567
2021-12-20,-0.008121738701004744,-0.017283556389377508,-0.012013730032968017,-0.0029495221720461373,-0.03498927121736173
2021-12-21,0.019086483380084562,0.019978649621920752,0.023068726728380673,0.048919539126730305,0.04288056302579579
2021-12-22,0.015319074675463673,0.0036381058820253998,0.018057643984397798,0.011177924378272586,0.07494705523716627
2021-12-23,0.003643919043631927,0.0001841364158221559,0.004471788803754206,0.008163392397522617,0.05761886305530961
2021-12-27,0.022974873993132583,-0.008178022851368039,0.02318569134072601,0.044028137443167026,0.025248391499066658
2021-12-28,-0.005767322070902359,0.005843719029521299,-0.003504136283946524,-0.02013229250498727,-0.005000275342793459
2021-12-29,0.0005020973632279269,-0.0085549217086347,0.0020512365409313116,-0.010586436241622588,-0.0020947102761840197
2021-12-30,-0.006578581920370086,-0.0032890070546229833,-0.007691251671543942,-0.013832864958731705,-0.014592268383646134
2021-12-31,-0.0035348681897390266,-0.011429400216389607,-0.008841056622673316,-0.005915020440213636,-0.012668840823859995
2022-01-03,0.02500406148161094,0.022118320898886212,-0.004668390325067273,0.024140713328038244,0.1353166841897706
2022-01-04,-0.012691777207781585,-0.016915587005979504,-0.01714716282386841,-0.02758882143204977,-0.041832696836128
2022-01-05,-0.026599735405796965,-0.018893091563845,-0.038387913627866865,-0.05756219089858228,-0.05347121367683638
2022-01-06,-0.016693432820519716,-0.006710981961323137,-0.007901802347929254,0.02079407021130697,-0.02152337383085412
2022-01-07,0.000988371449972325,-0.004287778294336242,0.0005098125315989854,-0.033039953532372546,-0.035446567451716815
2022-01-10,0.00011620147433677452,-0.006570176170610398,0.0007321171846514929,0.005615181323607388,0.03034195341380186
2022-01-11,0.016783683260174653,0.024002125643924677,0.002259523863410662,0.015219076370614815,0.005935024657598653
2022-01-12,0.002570409263306095,-0.0009373300985386912,0.010444866276767328,0.006542776378042792,0.039289748931841784
2022-01-13,-0.01902814018103438,-0.024169655027437842,-0.04232276288958792,-0.0508592037318929,-0.06749107331435766
2022-01-14,0.005110459625313313,0.005731487003565627,0.017716832691966333,0.013810312514090928,0.017497758575059086
2022-01-18,-0.018893793186215202,-0.019862738846190164,-0.024339205162927202,-0.03856462696359453,-0.01819724123253097
2022-01-19,-0.02102480966662057,-0.016477101806013472,0.0022468391649208552,-0.03227413447605221,-0.0338278969185718
2022-01-20,-0.010347234208610723,-0.02963230963415675,-0.005703042237404254,-0.03658199077050317,0.0006227038828787723
2022-01-21,-0.012765195921567662,-0.05950180896147472,-0.01846838622228475,-0.03213243401537669,-0.05256606712507206
2022-01-24,-0.00486430300758578,0.01332698348311534,0.0011484886348747114,-8.568845069312214e-05,-0.014726129872195681
2022-01-25,-0.011384712252792029,-0.031533745543573244,-0.026588344016086674,-0.04483983349830589,-0.012473124842489969
2022-01-26,-0.0005631134533073956,-0.007954330670553511,0.028493099468724692,0.020068068122913063,0.02069905258271132
2022-01-27,-0.002943412904008902,0.005508645722495764,0.010549019277772631,-0.036360465513460394,-0.11554175561970448
2022-01-28,0.06977794840505402,0.031084056738273746,0.028081906976528348,0.040831080626202,0.020805692766870276
2022-01-31,0.02612565526988453,0.03886361030218932,0.008823691380105858,0.07206664447593991,0.10677611383930952
2022-02-01,-0.0009726506899289111,0.010830762802234384,-0.007138875256114341,0.006207598038182605,-0.0058395266373975074
2022-02-02,0.007044428274376235,-0.0038427158906232384,0.01522231195588164,0.024515241742092853,-0.02747919159891432
2022-02-03,-0.016719955837458778,-0.0781276325178123,-0.03895236467253704,-0.05126388017243477,-0.016032495024879134
2022-02-04,-0.0016793858431588538,0.13535901735711864,0.0155684246856298,0.015491795867380809,0.03611110968421327
2022-02-07,-0.004234481105097165,0.0018777353189827206,-0.01631034194154357,0.016818155384516142,-0.01730718642133755
2022-02-08,0.018466883338861484,0.022021627828944013,0.011995228210907927,0.015367002328186219,0.0161571905234128
2022-02-09,0.008293664399348755,-0.0013877341505965646,0.021834868384519313,0.06360524352169583,0.010845920427172029
2022-02-10,-0.023598957659695774,-0.013561706274733853,-0.028373296884540378,-0.03299009974964362,-0.029452771017468238
2022-02-11,-0.02021846858095855,-0.03591110674363196,-0.024273855862925298,-0.07260657195150222,-0.04925102969626416
2022-02-14,0.0014230873904022001,0.012221683270054351,-0.00013596673797156011,0.013278115516436984,0.01832566437213501
2022-02-15,0.023152663796195183,0.008658352201907249,0.018542641281042993,0.09181214546483218,0.053290764282768466
2022-02-16,-0.001388998297077837,0.010159039538768955,-0.0011671832755493217,0.0006034591641146392,0.0010407532409399955
2022-02-17,-0.02126929271587019,-0.021808901106176726,-0.02928214505405613,-0.0755910581870104,-0.05094269900666093
2022-02-18,-0.009355422027283566,-0.013261957754408193,-0.009630918071494299,-0.03529589475817685,-0.022103035296720752
2022-02-22,-0.017812286101345443,-0.015753494788264932,-0.0007294773149317813,-0.010659075540889962,-0.04136624223452856
2022-02-23,-0.025864310911196675,-0.03575624663287669,-0.025893310892858623,-0.042881750927343254,-0.06997917599526948
2022-02-24,0.016680318430679186,0.04509522427819257,0.05109380436225064,0.06079448464167547,0.04807345500262783
2022-02-25,0.012965220332092908,0.01605793012842116,0.009233258922117571,0.017222449388377692,0.011364031324829549
2022-02-28,0.0016379459300237542,-0.0014662630028149382,0.004978131280227283,0.009438170210638308,0.07477746853358713
2022-03-01,-0.011627960715477115,-0.015765550251120253,-0.012852146729880554,-0.03723589476113798,-0.006962143345558558
2022-03-02,0.020588188422828724,0.0060241839623909055,0.017765769670154086,0.03182367924974483,0.01795529711451649
2022-03-03,-0.0019812043186495654,-0.027319556126581324,-0.01422415894890472,-0.020891697071891424,-0.04614210448825773
2022-03-04,-0.018408215764532665,-0.0152637929917393,-0.020478960346826836,-0.03280779715484783,-0.0011915196265851469
2022-03-07,-0.023717767924763322,-0.05622045424233624,-0.037776579872204286,-0.06906174145329047,-0.04021280504200253
2022-03-08,-0.011675913075544497,-0.010465446730283379,-0.010971187258501658,0.0075871738361392715,0.02463394210323222
2022-03-09,0.03499741082684893,0.024001199930983708,0.045858264258659576,0.06972205608402993,0.04193357517885765
2022-03-10,-0.02718630844383485,0.05412515560997311,-0.010086874444514393,-0.01546906572937301,-0.024063755330148706
2022-03-11,-0.023908726727991825,-0.008806846762653975,-0.019328268734923326,-0.02462689518825989,-0.0512345859010529
2022-03-14,-0.026562316470484126,-0.025229488143872714,-0.012961018273518476,-0.034841706188674326,-0.036436802368687404
2022-03-15,0.02967714158447654,0.038867730338306705,0.03874282169455601,0.07702786923531946,0.046348355546253384
2022-03-16,0.029015898569524357,0.038933563723705156,0.025213131539512768,0.06629499938490735,0.047812040425278646
2022-03-17,0.006453988944188138,0.027007748989816838,0.0028192667720332576,0.011022247308773103,0.037335010469022656
2022-03-18,0.020918693941726296,0.025512151358369817,0.01764800546431733,0.06811754629436395,0.03876779427650434
2022-03-21,0.008537758046678112,0.0014945523217748669,-0.004227306839704292,0.010622672917847353,0.017417963888751054
2022-03-22,0.020800637182955217,0.02103830044237709,0.016379096078977806,-0.007854994870573506,0.07905243778179138
2022-03-23,0.008233665853976557,-0.008981816492546923,-0.015030004501790595,-0.03355463190726571,0.005161136057840299
2022-03-24,0.022677675400340602,0.0014779010051912955,0.015392812067007267,0.09815086273567064,0.014823128420135223
2022-03-25,0.003734196898052433,0.006868294014676479,-0.001381169905060875,-0.01627001457926025,-0.003234937980317265
2022-03-28,0.005036824222963698,0.025592678900108856,0.023116781663643726,0.01903079160248855,0.0803450783611821
2022-03-29,0.01913417093832437,0.00192027764251268,0.01515889640131296,0.015485919687410643,0.007079858095940583
2022-03-30,-0.006649506332177313,-0.01780118433038691,-0.004914300299814878,-0.033710167548950176,-0.00507475414515135
2022-03-31,-0.017775841892529565,-0.019864567358571672,-0.017682621247449792,-0.014590145392867737,-0.014981813142339484
2022-04-01,-0.0017180837163337515,0.003450973226124532,0.0036001849564963884,-0.021036332427456728,0.006486599368272561
2022-04-04,0.02369350163549333,0.029264484561530857,0.017936860375514785,0.024258673341283066,0.05611341298759176
2022-04-05,-0.018942226458041,-0.025492089193307588,-0.01298568621857843,-0.05222939633829082,-0.047308971544201106
2022-04-06,-0.018450639158074433,-0.032300120131985244,-0.0366055471511092,-0.058771435851869835,-0.041694894294368345
2022-04-07,0.0018040671586092571,-0.0061194323502751224,0.006243838109763811,-0.008153421870843336,0.010996816105212748
2022-04-08,-0.011908652142869847,-0.021066740550443774,-0.014600049952277372,-0.04498512814611022,-0.03004944796541842
2022-04-11,-0.02551613405925357,-0.021613947156313595,-0.03943170985257349,-0.05199187766644242,-0.048328086073804455
2022-04-12,0.011523443721078941,-0.002213363562407644,-0.011217871801501467,-0.01884360829532017,0.011291813566499442
2022-04-13,0.016342730294883534,0.03152445706895657,0.01971231658529815,0.03250537018511612,0.03588835603591267
2022-04-14,-0.02998843951556185,-0.024652684274885983,-0.027084352234449494,-0.04256166579070508,-0.03655231880843268
2022-04-18,-0.001331045421371413,0.007109164667870926,0.002465750397787181,0.02469658368614791,0.019583733431163042
2022-04-19,0.014115225153276123,0.03488883060861969,0.017039551768663674,0.019051629974248696,0.023758093445249484
2022-04-20,-0.0010153552715442826,-0.026041044919075107,0.0037155093267555728,-0.03225523773484662,-0.04955503671370076
2022-04-21,-0.004843531399093326,-0.037026427673936824,-0.019380951305534744,-0.060469274581828936,0.03231684066245499
2022-04-22,-0.027821575903402063,-0.026608937569704394,-0.024144436800193403,-0.03309707241910631,-0.003697576672395231
2022-04-25,0.006737402996961794,0.011943186356370372,0.024413141864663368,0.019830727606138465,-0.006994645387893739
2022-04-26,-0.0373281074518339,-0.0457507730510871,-0.037403468639156556,-0.05597442714007517,-0.12184121881948873
2022-04-27,-0.001466681101396361,-0.008781047317448887,0.04810851936509075,-0.019852793106885147,0.005807678470473254
2022-04-28,0.045155225376765085,0.04653418536434306,0.022632543902835645,0.0742327221162038,-0.004537702888526063
2022-04-29,-0.036604570463058206,-0.140494377749234,-0.04181203075492024,-0.062430210876168846,-0.007692220213591394
2022-05-02,0.0019665332726128693,0.0017580913238786078,0.025043267123976642,0.05316196696990616,0.03695628471433299
2022-05-03,0.009622395084906143,-0.0019799044812061073,-0.00945627028092233,0.0035323732238108363,0.006988279761963367
2022-05-04,0.04100867202876457,0.01348046853293483,0.029101002985625346,0.03734300084369768,0.04769864576468552
2022-05-05,-0.05571642180268177,-0.07561036490424522,-0.043554843927360865,-0.07327607634077726,-0.08328615317548016
2022-05-06,0.004727020149440042,-0.014041240035030156,-0.009446288417027549,-0.00896830656858516,-0.008737180698190294
2022-05-09,-0.033189149896460046,-0.05213354825727934,-0.03694553167663717,-0.09236945407813235,-0.09072948807249681
2022-05-10,0.016112115262642,0.0006434445934944133,0.01859564044549411,0.03805296007048953,0.016427173986372612
2022-05-11,-0.05184129821697059,-0.03203225709010704,-0.033209616157189314,-0.05484518925874027,-0.08254582843646041
2022-05-12,-0.026894019970371774,0.014790404884573283,-0.019957825042030586,-0.027360137459650713,-0.008174386751047313
2022-05-13,0.03191594034247891,0.05727556035084924,0.022596183514351997,0.09465234627604246,0.05712909369145702
2022-05-16,-0.010672115585868003,-0.01985316173972196,0.001455438155204547,-0.024963272323968,-0.05875856161837267
2022-05-17,0.02542252812313084,0.04113327357999652,0.020344168633715354,0.05288483196029947,0.05141017778952928
2022-05-18,-0.05641905888452914,-0.07156196640827217,-0.04552958541333696,-0.06816322574554812,-0.06801379812405906
2022-05-19,-0.02464126501670094,0.0019278532990965047,-0.0036998166380882713,0.010980960378834004,-0.0005494634476534976
2022-05-20,0.0017470977752043204,0.0025345295167615856,-0.0022910084956858645,-0.02511072253919222,-0.06416505716141863
2022-05-23,0.04011938344398436,-0.0003160506951839226,0.032031875230698725,0.012219800978829465,0.01656871415985961
2022-05-24,-0.01921618957615001,-0.03214110432537598,-0.003951782625028377,-0.044028615054735654,-0.06925464690507588
2022-05-25,0.0011400501156724197,0.025696475417555487,0.011170402863331708,0.05082329484012105,0.04877737911795821
2022-05-26,0.023199551935994434,0.04029499229486544,0.01287484286946583,0.05160533728607808,0.07427138936829314
2022-05-27,0.040756685841045304,0.036632083603781895,0.02760480584215874,0.053778300241766885,0.07333306253742577
2022-05-31,-0.005346226491074413,0.04397010379074828,-0.0050139375230372485,-0.007389132037538326,-0.001803563389055185
2022-06-01,-0.000873346476889636,0.012266042992872705,0.0020229053454179358,-0.01885185774944753,-0.02359349020027357
2022-06-02,0.01681126933532817,0.03145034300738625,0.007928790157061272,0.06943206576979755,0.04677398003874078
2022-06-03,-0.03855584871295559,-0.025185068024527135,-0.01660707553598495,-0.04450784590655332,-0.09219359988526965
2022-06-06,0.005227660820740221,0.01994280728922404,-0.004703302953974031,0.0035256287898723926,0.0160472016783606
2022-06-07,0.017586078323793997,-0.014344105316090427,0.013953490006193947,0.007452366271489597,0.0025460558898939833
2022-06-08,-0.005043255315270945,-0.014796745486375773,-0.007669708100646266,-0.014480383488911897,0.012474516432601446
2022-06-09,-0.035955631756230844,-0.04150848957443054,-0.020783241279181408,-0.03217487817606368,-0.008930555308462429
2022-06-10,-0.03862867616356569,-0.05596211721574329,-0.04456367489869095,-0.059507881317036104,-0.031190911234383223
2022-06-13,-0.03828507243245938,-0.05453719355874542,-0.04241273185618244,-0.07817863691635718,-0.07102153990705962
2022-06-14,0.0066727519214717645,-0.013118555361940287,0.00920507283256966,0.012079143802889103,0.023887157055640484
2022-06-15,0.020111516682639996,0.052389802934770247,0.029735207237416184,0.04363443935695566,0.05482367080362738
2022-06-16,-0.039651705486368316,-0.037243378610853584,-0.026970096767537588,-0.05602938069039054,-0.08540769912654234
2022-06-17,0.011533529664928377,0.02469609751257895,0.010940232082932155,0.017883482665941308,0.017174980283869212
2022-06-21,0.032760392305798414,0.023159471438541024,0.024590986363596246,0.04319889032183544,0.0935443480214786
2022-06-22,-0.0038268609793975505,0.0024843268523027096,-0.0024039235286752447,-0.012435242601456786,-0.004007805884153504
2022-06-23,0.021573342344007873,0.0320330939965241,0.022636450084599025,-0.008251696838655675,-0.004306310889948484
2022-06-24,0.024517292881307107,0.03575237064906034,0.03414991783899857,0.055531509348741404,0.04524889345059324
2022-06-27,0.0,-0.027820692849391482,-0.01049687628518603,-0.015006025969900083,-0.0032016505127857586
2022-06-28,-0.02978961780186784,-0.05140434227234392,-0.03174894276532103,-0.05258176378056201,-0.0500435578248114
2022-06-29,0.013023996998465792,0.014152668728781626,0.01473790777188233,-0.02753118757069406,-0.01793718238090891
2022-06-30,-0.01802741014301501,-0.024880638358707907,-0.013179105372861266,-0.024642812343027787,-0.017579227799377373
2022-07-01,0.016164059195270752,0.03154127203651247,0.010707387036420268,-0.041955393223784165,0.012429131666979787
2022-07-05,0.01893034479771183,0.035962053023039786,0.012597389149935134,0.030365747027460976,0.025535704813974602
2022-07-06,0.009607401270294469,0.007312791463036872,0.012782883991819372,0.011093225595532497,-0.005720802000385383
2022-07-07,0.02399934367316492,0.01749322109655349,0.008226656243689678,0.04811644581542196,0.055279044880592876
2022-07-08,0.004714534204785625,-0.006791033294013538,-0.002757211427681594,-0.0012613235259305577,0.02543516968760029
2022-07-11,-0.01475758129228566,-0.03280250030721621,-0.011768626387620551,-0.04331351165625463,-0.06548005948146851
2022-07-12,0.0068333422964663715,-0.022639810105564928,-0.040981425764336055,-0.004619889094419016,-0.005433611636988744
2022-07-13,-0.002536249421350445,0.010803884746268588,-0.003745127828775008,0.005436874363450084,0.017033448479672808
2022-07-14,0.020482461751837766,0.002083294604712016,0.005381636989048033,0.013716795958542027,0.005371861218914864
2022-07-15,0.011449876768000244,0.02639434033114041,0.010390219294157177,0.025370758558258766,0.0073572315408600986
2022-07-18,-0.020643164226164523,0.0018493974357440823,-0.009621341248942095,0.021507347538240573,0.001999426810217919
2022-07-19,0.026722115251427203,0.03911741266419111,0.020767104685337934,0.055338395823445685,0.020716718219316865
2022-07-20,0.013509703060679223,0.03857539627705431,0.010557308191104564,0.047963480809031234,0.008023464466653252
2022-07-21,0.015094225740000411,0.01515028639903937,0.009799113757814615,0.013646607369725894,0.09780470722853529
2022-07-22,-0.008110724274414283,-0.017732481209791984,-0.01691574251079009,-0.04049872790557518,0.0019752262198982073
2022-07-25,-0.007398447950742959,-0.010455798059483823,-0.005876554044701887,-0.017033369595120362,-0.013994935471540293
2022-07-26,-0.008826270077093024,-0.052253606265046715,-0.026774214494795112,-0.028841424459561393,-0.0356637312112531
2022-07-27,0.03423466931125474,0.0536538959419941,0.0668517507973787,0.07602958633281598,0.061655036992220635
2022-07-28,0.0035717480796846335,0.010829110898360028,0.02854067753337186,0.010904950451031459,0.02212352234272652
2022-07-29,0.032793198971781345,0.10361464095050721,0.015665340289431562,0.009953419763154558,0.05784976985791013
2022-08-01,-0.0061535152096779955,0.0032604850044939404,-0.009724664951250572,0.015305741969868114,0.00042631152414229767
2022-08-02,-0.009287423113907067,-0.009084834427092181,-0.01147427198419404,0.004609409186745017,0.011134400598203698
2022-08-03,0.03824803523428977,0.039952299225118226,0.02783630269088877,0.01980993173604606,0.02265568716125621
2022-08-04,-0.00192641145677519,0.021860686341448332,0.004177669623815827,0.017043293153864214,0.004023022853486102
2022-08-05,-0.0013889805914112374,-0.012414983387324718,-0.0026088633446933462,-0.01176156995652522,-0.0663030068235908
2022-08-08,-0.002903166002453439,-0.009872154542052702,-0.009154905604081165,-0.062983911104878,0.007819434052879659
2022-08-09,0.00030338782760197525,-0.011333489631663474,0.007063004193542888,-0.039734600889380745,-0.024412625864385085
2022-08-10,0.026194456777051123,0.0352608325167747,0.024300690666112734,0.05917105379089116,0.03890581776676605
2022-08-11,-0.0044315656375651935,-0.014366830308238487,-0.00740087996402905,-0.008564840082096126,-0.026249292544206493
2022-08-12,0.021425574688171745,0.020691152408548463,0.01703725651153931,0.04274875647715293,0.046750143628413676
2022-08-15,0.006333675288515028,-0.0025775713556979163,0.005344160669409792,0.017264419700837808,0.03096359891583922
2022-08-16,-0.0009239150073512281,0.0111747882760318,-0.002589667797110451,-0.008038971233319536,-0.008912075793144236
2022-08-17,0.008784501711819548,-0.01851079360669594,-0.002636283139690887,-0.02881533482545373,-0.008372333511224461
2022-08-18,-0.0022916133605738187,0.0014074379989574837,-0.003947520062373755,0.023889131374124517,-0.0037062197211366055
2022-08-19,-0.015101800745080496,-0.02860159688639219,-0.013854083539261097,-0.04921962214996978,-0.020481852686155544
2022-08-22,-0.02302951353286431,-0.036243902638259384,-0.02935513037858728,-0.045660991036484466,-0.022764022407583906
2022-08-23,-0.002028980672138081,0.003002506326521548,-0.0047163917511201525,0.00862996356367196,0.0225584954757323
2022-08-24,0.0017939878979409407,0.001347163157822573,-0.0023509656705387183,0.0023864368725068363,0.002170125887066332
2022-08-25,0.014922601968008209,0.026008936084948253,0.011094925057127503,0.040122860376275105,-0.003455684406709514
2022-08-26,-0.037699157671290395,-0.04756700784791723,-0.03858706431575343,-0.09227924963352474,-0.026953121859416895
2022-08-29,-0.01369040935791288,-0.007342307563037775,-0.010667817238141142,-0.02822888113703892,-0.01135058160727187
2022-08-30,-0.015305279476060307,-0.008167020675137082,-0.008521149884541002,-0.02107468080366659,-0.0249982267189629
2022-08-31,-0.010635120827926836,-0.015225659516225343,-0.005703911584652888,-0.024178860430032922,-0.007526203685978228
2022-09-01,0.004707060432610932,0.008282741023605045,-0.004092241125720042,-0.07665286885663469,0.005623955563764049
2022-09-02,-0.013611346183490691,-0.002425266463259912,-0.01666671089027183,-0.020808084366497726,-0.02507581222110289
2022-09-06,-0.008214998052496147,-0.010979542799969155,-0.01097410514961894,-0.013336245085543208,0.015580556255471167
2022-09-07,0.009253907071216982,0.026722663554652915,0.019111769658458844,0.018795087765695495,0.03381677109982606
2022-09-08,-0.009617727421948996,0.0026259778181887405,0.0016660485862893815,0.02012528218991272,0.01959815762903916
2022-09-09,0.01883953090285906,0.02657523304266962,0.022976882799802256,0.028377654754676795,0.03602289482946186
2022-09-12,0.03850811520876851,0.023861278411006825,0.008280773909386863,0.008201720046079553,0.01581694096302666
2022-09-13,-0.058679618086047935,-0.0705752837581286,-0.05497817070675748,-0.09472598362203377,-0.04037188096320543
2022-09-14,0.009555343416478346,0.01364140798846103,0.0009126405736006316,-0.00022835003500520923,0.03587437200418364
2022-09-15,-0.018929806035480445,-0.0176585314552421,-0.02711915608317239,-0.015158558764719499,0.003767273730617582
2022-09-16,-0.010960126842684659,-0.021777003694830932,-0.002608167432637809,0.020805826955103468,-0.0013168523341049454
2022-09-19,0.02508310748843301,0.009147615105472573,-0.0008989321186906318,0.013941703120907478,0.018856110452001085
2022-09-20,0.01566540815306916,-0.019813903001303146,-0.008465592359304996,-0.015394042444847433,-0.0011000625419275156
2022-09-21,-0.02026792763612073,-0.02987152347123645,-0.01443598912647115,0.0064512524006299365,-0.025685948599634356
2022-09-22,-0.0063752358752414695,-0.010376272544574294,0.008495412332759855,-0.0527863739747122,-0.040591728559117746
2022-09-23,-0.015123635780970202,-0.03009120154088929,-0.012698004746340308,-0.0035824320869386472,-0.04594757245188685
2022-09-26,0.002260265989794785,0.012040804722097675,-0.001975597685622832,-0.023010592219757875,0.0024698479153155706
2022-09-27,0.006566305565008701,-0.006426381710496365,-0.004379758223801877,0.015129250276938455,0.02510775852537339
2022-09-28,-0.012651650401905967,0.0314657666190894,0.01971165151082377,0.026020991884869282,0.017212112374233923
2022-09-29,-0.049118968755052395,-0.027201076403397084,-0.014809217081927062,-0.040514957705054866,-0.06810050474193607
2022-09-30,-0.030039209916103315,-0.015679468675155683,-0.019368214063505196,-0.006628600953768382,-0.011036096899372572
2022-10-03,0.030752303029226935,0.025486701357681163,0.03366245295469694,0.030727439827885394,-0.08614516909902215
2022-10-04,0.025623124804181607,0.04496029692750958,0.0338123433793831,0.052349762642528885,0.029042940273044104
2022-10-05,0.002053234218571953,-0.001156159830559278,0.0012857759848619033,0.003189827942350343,-0.034597517632881325
2022-10-06,-0.00662568612494574,-0.00537407121029132,-0.009671014362248154,-0.00598084178703473,-0.011129075632041241
2022-10-07,-0.036718555958405674,-0.04771409266460691,-0.050852771323864454,-0.08027406420077832,-0.06324275500689214
2022-10-10,0.002355706988671269,-0.007768849586377025,-0.0213029652033333,-0.03362053566097989,-0.0004931214719139376
2022-10-11,-0.010255109251805061,-0.012844190270001499,-0.016750270862249894,-0.007197859724217381,-0.02897383620084637
2022-10-12,-0.004604790922312474,0.006149206372302096,0.0015082676755038271,-0.0074227156577933995,0.003418039229395209
2022-10-13,0.03361295391384811,-0.00327726077574253,0.03760809957466216,0.03999989371270818,0.020622332969329804
2022-10-14,-0.032240211524597884,-0.05003107895219994,-0.024248760518123746,-0.06128758060972117,-0.07545550981161053
2022-10-17,0.029122801189906067,0.06445275295885255,0.03924572553619399,0.05887609408736716,0.07005219876844393
2022-10-18,0.009409552489578532,0.022585461588422673,0.004083823228605565,0.006645274038030502,0.003829479437051919
2022-10-19,0.0007649546417871633,-0.01108629175628062,-0.008469564441024202,0.007019220426375039,0.008401793106927569
2022-10-20,-0.003267004100567794,0.0015642678860967596,-0.0013956953774314496,0.011866236022009868,-0.0664744863679374
2022-10-21,0.027059186399545743,0.03531453097461368,0.02528051670212972,0.022305962838274462,0.03454266549727758
2022-10-24,0.014802665745199395,0.004190412347291339,0.021187919768659524,0.010669100170455526,-0.014875967194030837
2022-10-25,0.01933725395781516,0.006509754475742646,0.01379168340214254,0.05254383775537841,0.05287573097725584
2022-10-26,-0.01962699944596813,-0.040961814879887926,-0.07715629214267306,-0.027524248476357815,0.009981122376490958
2022-10-27,-0.030465202218570075,-0.04063638620803933,-0.019756199456287038,0.02171195315536556,0.00200319154854367
2022-10-28,0.07555244208965939,-0.06804249715805744,0.040220447374176516,0.04993948010069049,0.015238384603380561
2022-10-31,-0.01541024145340697,-0.009380148789788212,-0.015856063166734713,-0.024360248976272092,-0.004288512900427199
2022-11-01,-0.017542706558629995,-0.05515425020719422,-0.017059428710901825,0.0034082123115619645,0.0012306146011606955
2022-11-02,-0.03730522402606473,-0.048248766657425834,-0.0353682694386287,-0.02392388861922512,-0.05636033352596026
2022-11-03,-0.04240490064438207,-0.030612240672440172,-0.02657891407957136,0.015281038256738544,0.0015350350619269815
2022-11-04,-0.0019472997946026194,0.01881299269611514,0.03332558607769043,0.054764919554636915,-0.03641259777431871
2022-11-07,0.003902310374783502,-0.00494619214148917,0.029269723411891713,0.010242912232307777,-0.05007952633400592
2022-11-08,0.004175069685864896,-0.006075283660437414,0.004388434023016252,0.021047546264718164,-0.02932818513088775
2022-11-09,-0.03319000486775925,-0.042676192754212194,-0.019050192352409345,-0.05656756470071067,-0.07166757185130745
2022-11-10,0.08897459656983053,0.12177847617944293,0.08226809680390224,0.14329259860400456,0.07393437216942544
2022-11-11,0.01926856551484346,0.0430508514990382,0.016997130888338763,0.03663492435357041,0.027527264924482875
2022-11-14,-0.009485500826179272,-0.022819754250081425,-0.02249994916141762,-0.001959681308771888,-0.02561618738169713
2022-11-15,0.01186944706065396,0.004569038353104293,0.0017388484567597562,0.022767585793204592,0.018172303095892017
2022-11-16,-0.008331209061703593,-0.018394983322363,0.0018233127818281236,-0.045361853267022245,-0.03857627852399581
2022-11-17,0.01297138883959792,-0.02337318995330062,-0.00020677778986288864,-0.014644862768108169,-0.020062058831236462
2022-11-18,0.003781853521733991,-0.007485493894513584,-0.0019033711297035127,-0.017095147358853313,-0.016269016527425406
2022-11-21,-0.021680073503446362,-0.017845764989037338,0.003440858986517581,-0.005970434324447771,-0.06837231343190053
2022-11-22,0.014661004787946741,0.008003437930963697,0.01231153156984699,0.04707205221743682,0.012152311933396831
2022-11-23,0.0059263804554976485,0.009978544373689724,0.010406963368184252,0.02999087468789896,0.07821783885404354
2022-11-25,-0.019593678948591764,-0.0076489282090407285,-0.00036362040180526467,-0.015073583393935053,-0.0018558752377418886
2022-11-28,-0.026264115614446415,0.00578089353348199,-0.02315248728305097,-0.027227807324175513,0.0003281065208000644
2022-11-29,-0.02114845488205286,-0.016285245651894598,-0.005914911524403821,-0.011878488089745454,-0.011425739989130657
2022-11-30,0.04859397364089757,0.04457912603558589,0.061623560070990235,0.0823792632735112,0.07670184691003823
2022-12-01,0.001891564873260032,-0.010772746070691896,-0.0017637394393975603,0.012527567723207067,0.0
2022-12-02,-0.0033713350281824317,-0.01434557849824114,0.0012958294532026127,-0.015115541685187361,0.0008217959148295595
2022-12-05,-0.00798333205544921,-0.033145598727553405,-0.01890054515772932,-0.01576196204878244,-0.06368676805520912
2022-12-06,-0.025369861055484333,-0.03032636052572657,-0.020303727256818838,-0.03750756962329138,-0.01441485156488942
2022-12-07,-0.013785197567653729,0.0023795930251859776,-0.0030599204719654605,0.008319582216866905,-0.032143331123685615
2022-12-08,0.012132955517959898,0.021365582288144003,0.012399257951549059,0.06507437978939223,-0.003447430865732959
2022-12-09,-0.0034348933650640845,-0.01394579034322141,-0.008003128816314709,-0.009785238323694823,0.0323454827685834
2022-12-12,0.01638989202746388,0.01638799835988136,0.028889191612955223,0.03140983993194091,-0.0627198857086465
2022-12-13,0.006782840309953686,0.02142456926150338,0.01746463671835352,0.03062458819697822,-0.04093677795344208
2022-12-14,-0.015535981503682628,-0.009838858835905628,0.0011677409001205064,-0.022023157871159493,-0.025784367661833008
2022-12-15,-0.04685447515838537,-0.034177820705733164,-0.0319183209696402,-0.04085108644759605,0.005548438139381551
2022-12-16,-0.014578610828994476,-0.006670394101153776,-0.017348645684502895,-0.022475096752102908,-0.047187179094365206
2022-12-19,-0.015909882266456288,-0.033462353983410575,-0.01732804143073874,-0.01912967871892235,-0.00239632976495896
2022-12-20,-0.0005288073514411185,0.0031795134041781026,0.0056145442041481974,-0.010397407666929648,-0.08053641461716088
2022-12-21,0.023809624253213757,0.018546709195681466,0.010876652350976013,0.02586237595978491,-0.0016690545895901021
2022-12-22,-0.02377246359543206,-0.034343619255829294,-0.02552859253872153,-0.07041992761991334,-0.08882756559936855
2022-12-23,-0.0027983177030321826,0.01742450254827599,0.002266942058730681,-0.008670609452129385,-0.017550833466474902
2022-12-27,-0.01387823852411929,-0.025923742926365456,-0.007414163110538885,-0.0713534917477825,-0.1140885333144338
2022-12-28,-0.030685278155902607,-0.01469172937442731,-0.010254786961621742,-0.00601933578265057,0.03308891531476843
2022-12-29,0.02832423530899386,0.02884381103830358,0.027629566046020182,0.04039606322793454,0.0808269069678893
2022-12-30,0.0024689424964448037,-0.002138278742257471,-0.0049374688208252415,0.0007532582899272278,0.011164017515666869
2023-01-03,-0.037404583568372396,0.021666663033621747,-0.0010007254377928376,-0.02045978582332486,-0.12242248574195735
2023-01-04,0.010314208573187766,-0.007923564525679994,-0.04374327268411049,0.030317762935489156,0.05124885285593783
2023-01-05,-0.010604473777327983,-0.023725589118479662,-0.02963771583529562,-0.03281560454093768,-0.029039097760312105
2023-01-06,0.03679416051370055,0.035611152390083056,0.01178527238227578,0.04164026766926976,0.024651090365942707
2023-01-09,0.0040886504188342165,0.01486987397850048,0.009736414904635948,0.05175308446530469,0.059349011404278285
2023-01-10,0.004456521104686528,0.028731709234134817,0.0076171404759062256,0.017980715914010625,-0.007681374256751861
2023-01-11,0.021112149578151884,0.058083825879343465,0.030238027757109265,0.005782691327817391,0.036769060182475055
2023-01-12,-0.0005991643753284759,0.0018929468094222024,0.01162168148719589,0.03187306737709572,0.0027592625752506095
2023-01-13,0.010119037796598063,0.029915043601747016,0.0030185998061613706,0.023499796586115895,-0.009388119582672827
2023-01-17,0.008756429008764277,-0.02109661268732821,0.004681679136329331,0.047517424230612004,0.07426473736900463
2023-01-18,-0.005370220525970915,-0.006142675153973931,-0.018889180045728815,-0.018359506961585392,-0.020609982513142944
2023-01-19,0.00044408685114216695,-0.01864654092151996,-0.016453890875433808,-0.03521929029387039,-0.012501946153228194
2023-01-20,0.019220321966180398,0.03810845093076898,0.035743624364350524,0.06406241796378565,0.0491468120625187
2023-01-23,0.023500816387115986,0.002776315095798454,0.009824298962095801,0.07590082154222522,0.07742468874848996
2023-01-24,0.010062922518100592,-0.012305137300550828,-0.0022260463431295063,0.0037513737246259726,0.0009739087975544347
2023-01-25,-0.004700644591457803,0.008928577793566816,-0.005908068872326755,0.0030106761706918395,0.003752820129427681
2023-01-26,0.01480316561213657,0.02099198301215366,0.03071354299439788,0.024789190106813797,0.10967259156647335
2023-01-27,0.013684330575639336,0.03043737760442866,0.0006453135241866192,0.028431472469356178,0.11000180416824756
2023-01-30,-0.020078032663229828,-0.01652968356145279,-0.021961784088993852,-0.05907178692408588,-0.06318150994943417
2023-01-31,0.009021073456568995,0.025658817736008643,0.021012753747811752,0.019569904516004488,0.03936155894904236
2023-02-01,0.007900445087023256,0.019586971068148662,0.01993462296992199,0.07196611721916013,0.047280928205116535
2023-02-02,0.03706284320630737,0.07379935352944922,0.04688438433321984,0.03657525383159976,0.03781489703913388
2023-02-03,0.024399628294823117,-0.08431497620839845,-0.023620759243762612,-0.02805289816768497,0.009082654784473565
2023-02-06,-0.017928748804751704,-0.011703250716856073,-0.006115693021765067,-0.0005212285247739867,0.025160537355481072
2023-02-07,0.019244834437776248,-0.0006850625818668465,0.04202224827798018,0.051401283198680314,0.010525791279409002
2023-02-08,-0.017652814285055496,-0.02017429777965274,-0.003102239528288253,0.0014428924672247323,0.022763049555982517
2023-02-09,-0.006911560155075658,-0.01809100582487666,-0.0116597077734516,0.005944774604603964,0.029956849516678652
2023-02-10,0.002456182140158525,-0.006412838631079665,-0.001972823366136134,-0.047992012087521685,-0.05030873801899527
2023-02-13,0.01880676742251497,0.019772567289289666,0.031243080993032635,0.024594169844520675,-0.011427700782035255
2023-02-14,-0.004224885875760753,0.0016073541414833858,0.003133124127491449,0.0542958707733423,0.0750616556523096
2023-02-15,0.013903265115583485,0.014643999584324163,-0.007993205361191857,-0.009011179877649877,0.02384709913101113
2023-02-16,-0.010429388608335532,-0.02975486385196624,-0.026622689906421804,-0.033473795474719625,-0.05694553722096751
2023-02-17,-0.007546563662392147,-0.009679109147912035,-0.015601797315229149,-0.027906768469176946,0.031033480898909227
2023-02-21,-0.02667972297622978,-0.02695468312187932,-0.020886427478099323,-0.03427137966281757,-0.05251789433835996
2023-02-22,0.0028960068925338867,0.012793392483054111,-0.004591026257326991,0.004793046689728797,0.017682553475729224
2023-02-23,0.003290467405837605,0.000313172345862478,0.012961661048191297,0.14021393971666307,0.006024129792842503
2023-02-24,-0.01800531930600968,-0.024212061179431754,-0.02178427383260584,-0.015973713686514568,-0.025684180003413215
2023-02-27,0.00824744117242071,0.0027807715104863906,0.0037718500774206465,0.00923292560222655,0.0546017865369246
2023-02-28,-0.0034476984820498435,0.005012811540044737,-0.002958124508475213,-0.012127017022574127,-0.009247209573726933
2023-03-01,-0.014245952174303467,-0.02186145722806776,-0.012629322438100554,-0.02231228781219574,-0.014291975817664837
2023-03-02,0.004129201468619836,-0.00043399062951077205,0.01965321079422111,0.027139127491305315,-0.05853928157947319
2023-03-03,0.03509004959363682,0.030066258059702422,0.01664608426718206,0.024706055108744795,0.03609219282314147
2023-03-06,0.018539427531717667,-0.012118034851298809,0.0061890144885752285,-0.014064456490977428,-0.020122331071529054
2023-03-07,-0.014496592130024633,-0.0021333007812499583,-0.010589130768309696,-0.011125268339280403,-0.03147407730028162
2023-03-08,0.00837739370881141,0.003955051898638651,-0.001770549930669607,0.03834600395775989,-0.03041929843714275
2023-03-09,-0.014914804155730876,-0.017781071140368643,-0.005439468907561751,-0.030809382410238673,-0.04989011995084991
2023-03-10,-0.01387871650192285,-0.0164769283801236,-0.014782806149207572,-0.020097348184875186,0.0030071956856769777
2023-03-13,0.013266071232932664,0.01873687738723384,0.02144111777901969,4.35591336853669e-05,0.005996271168666301
2023-03-14,0.014089158224440235,0.0265065123894086,0.027055602044570692,0.047766245269800445,0.050320947926932424
2023-03-15,0.002621398443027223,0.01391230747297123,0.017830351385937027,0.0068570795705089616,-0.015333393227232373
2023-03-16,0.01869409564174429,0.03991688242309577,0.04053659307040669,0.05419355042050733,0.020393505108375454
2023-03-17,-0.005454050092317919,-0.010895681300578386,0.011694298454069108,0.0072040527402763566,-0.02172378153438792
2023-03-20,0.015483939910236888,-0.012531560404374087,-0.025766565670196195,0.00680270240987646,0.017320796272765726
2023-03-21,0.011944066818639243,0.029679680207260972,0.005693667491884158,0.01154444124142251,0.07819919143822474
2023-03-22,-0.009103544202157754,-0.018984232685839597,-0.00544246128510828,0.010267586527309414,-0.03254381959196684
2023-03-23,0.006969510500264953,0.00010133876939955044,0.019721807722040907,0.02731607775842071,0.0055977366381618765
2023-03-24,0.008305527141693636,-0.005875816395847999,0.010480450852121015,-0.015152098094066369,-0.009416281069083654
2023-03-27,-0.012293171383391144,-0.0009171134251457769,-0.01493381048721587,-0.009261099560776809,0.007352522816861606
2023-03-28,-0.00398027992229566,-0.00815996577200262,-0.00416100131695718,-0.004560649471253342,-0.013659325116185062
2023-03-29,0.01979063473842002,0.0309543624265336,0.019184011254359534,0.021734180509172862,0.024789906342217005
2023-03-30,0.009889884835615925,0.0174563591022443,0.012619847624096403,0.014786476710971996,0.007220929756684091
2023-03-31,0.015644311371422193,0.012647067799287592,0.014962125065645315,0.014388575476091514,0.06237201971890638
2023-04-03,0.0077014337020522294,-0.008519675143944028,-0.003711450666725069,0.00676805403171965,-0.061168427796826186
2023-04-04,-0.0032494916905163596,0.015037527888523972,-0.00017423997869969732,-0.01830859913255367,-0.011244043709844997
2023-04-05,-0.011290295446983678,-0.027417013542964663,-0.009889026124669242,-0.020835507856550972,-0.036660076287605925
2023-04-06,0.005496025727397269,0.009495540049077267,0.025532460500820253,0.005803384593948024,-0.002479553165553039
2023-04-10,-0.01597246005686348,0.0010778033801970288,-0.007578665617038238,0.020046547825341543,-0.0029720256079851515
2023-04-11,-0.007591171587247314,-0.022022120390757682,-0.022668455938813503,-0.014866248343029964,0.012357047570192181
2023-04-12,-0.0043531287625625525,-0.020916697119598093,0.002333826814343576,-0.024807782355325214,-0.03346003653646468
2023-04-13,0.034103515964543085,0.046713683014299345,0.022399250647418656,-0.0012079639880464565,0.029688716127604264
2023-04-14,-0.0021138460563185912,0.001074224694457282,-0.012765901949198577,0.011147846336304612,-0.004841279860318459
2023-04-17,0.00012077669251575607,0.0022436418178335416,0.00929621108459644,0.009118758753528189,0.011026990735853115
2023-04-18,0.007504676369731733,-0.004282604839014548,-0.0014888901148469857,0.02462772293355675,-0.014595786064655836
2023-04-19,0.006968395520840609,0.019550341547772243,0.00027733523307960084,0.009542080859492375,-0.020183393575926356
2023-04-20,-0.005846197035346057,-0.0046980391066805405,-0.008112405729456929,-0.029608632010966307,-0.09745828230593856
2023-04-21,-0.009780958109952276,0.03034391291745231,-0.0012230352982334214,0.0005533981690317713,0.012822849668400638
2023-04-24,0.0018785562976850745,-0.007011967150520215,-0.0139626929054818,-0.0028393750038276933,-0.015325895028073244
2023-04-25,-0.009435748300147706,-0.03427172037496595,-0.022535873061770295,-0.029620784827326774,-0.011565701922588656
2023-04-26,-6.106112322412649e-05,0.023496184744855597,0.07243419798209683,0.027247489573080097,-0.04306963495243776
2023-04-27,0.028395250666963356,0.046103983455159314,0.03202762963979899,0.01001656845633625,0.041886194740853755
2023-04-28,0.00754101271882357,-0.039792412663683385,0.00797205210959917,0.019209570623745176,0.025719427270091355
2023-05-01,-0.0005302267084097423,-0.032242712137328766,-0.005532782884965504,0.04183934327861638,-0.015093395194377579
2023-05-02,-0.006191481074820926,0.015482549283793778,-0.0004910561428588256,-0.024213139655334004,-0.00939259874721976
2023-05-03,-0.0064672943960830676,0.00019303553981586674,-0.003307230367436853,-0.014463070959268465,0.0018713932775662467
2023-05-04,-0.009913386825464277,0.0033767339022539034,0.003318204433905958,-0.008632347986155087,0.003673471985857102
2023-05-05,0.046926738758415354,0.015961573674128537,0.017157254855589388,0.04056312508030224,0.05496278398315546
2023-05-08,-0.00040320552404948806,0.0016089169321718,-0.006438025046138884,0.016422378041121677,0.010172855182730478
2023-05-09,-0.00997125031550783,0.00746481056277859,-0.0053458198686642255,-0.01989626849353432,-0.015367597024416146
2023-05-10,0.010420891023401824,0.03348339526223332,0.017296538443417386,0.01099024380498359,-0.0036062703657255835
2023-05-11,0.0010946309480255323,0.01805969525073481,-0.007044594357902612,-0.01062854805125879,0.021003967520705658
2023-05-12,-0.005417456510093177,-0.01711533396079623,-0.0036759809650875885,-0.008328073872226338,-0.023826162598143963
2023-05-15,-0.0028973085773376095,0.008525256609829501,0.0015858263283570206,0.02163039068982542,-0.009703474612936969
2023-05-16,0.0,0.01978421437062372,0.007367706744616953,0.008980116093031398,0.001021930644472091
2023-05-17,0.003603051624634368,0.018518504813616277,0.009451557149426693,0.033033142340326505,0.04407876621166107
2023-05-18,0.013666181312597114,0.022943736154795724,0.0143949813235138,0.04970505698739669,0.01742780840135616
2023-05-19,0.0006284057409933208,-0.01608126535201726,-0.0005652716513917522,-0.013068992126833656,0.018373000232992265
2023-05-22,-0.005480711781209235,-0.010666648290490577,0.008921185391762121,-0.002814645216702938,0.04846228354123516
2023-05-23,-0.015155062052152668,-0.00017393506729301844,-0.018431830344586397,-0.015653050041127936,-0.01641335799687571
2023-05-24,0.0016321673017438698,0.015305697616548875,-0.004472431197264259,-0.00488798809041624,-0.015449266889003499
2023-05-25,0.006692100324201311,-0.01498929336188437,0.038457897935526786,0.24369623292428244,0.008583965973816943
2023-05-26,0.0141051014813105,0.04443478791610045,0.021385419791022597,0.025434630198658548,0.047162123329924865
2023-05-30,0.010659403900629139,0.01290486257498391,-0.005046781638460951,0.029913147787578698,0.041362559242642094
2023-05-31,-0.00028205375238299357,-0.00887721353399118,-0.00851410817389775,-0.05676747489281386,0.013770078361723614
2023-06-01,0.01602273113783892,0.01816217265513176,0.012759233179720608,0.051170913770498094,0.017604137329555458
2023-06-02,0.0047753076627927715,0.01205508998453797,0.008479128447009598,-0.011139041839065666,0.031081326211682914
2023-06-05,-0.007571016239972028,0.008450728786783213,0.0016100034908348437,-0.003966808861054272,0.017011727666879306
2023-06-06,-0.0020603534201221185,0.010454888481148839,-0.0067273351670656956,-0.013198484115968245,0.017002881015874438
2023-06-07,-0.007756402050754008,-0.04249267220189956,-0.030867882979630723,-0.03040127017591554,0.014730512862447087
2023-06-08,0.015464896196533129,0.024911297199049942,0.0058136665457233505,0.027618712021214797,0.045820870777622646
2023-06-09,0.0021600074925232082,-0.006599595129369917,0.004703998297923784,0.006751472473107478,0.0406199151040636
2023-06-12,0.015638794762676822,0.025439515368102628,0.015483910846464166,0.018364837965276548,0.02221770896144215
2023-06-13,-0.002611680438176278,0.0007111003199982147,0.007352530903963039,0.03900497075630405,0.035544128242966044
2023-06-14,0.0034913307880966027,-0.001894879884926648,0.009123931892918602,0.04814508185553601,-0.007421371317580694
2023-06-15,0.011198583485368951,0.005458016543269828,0.03189660907941727,-0.008000636442513698,-0.0034659239799892383
2023-06-16,-0.0058598562656067,-0.012744888197649074,-0.016575863569689986,0.0009141198170936615,0.01813214052015355
2023-06-20,0.0004867761242790536,0.002310948445805039,-0.012502462001852677,0.026140803628172726,0.05338912722001776
2023-06-21,-0.005675289043023279,-0.00755284590127181,-0.01328207471799836,-0.017416767566876046,-0.054618400747766804
2023-06-22,0.01652516016852723,0.04261789623803569,0.0184373235200308,-0.0004648264470550334,0.019848894111198723
2023-06-23,-0.0017111776771168152,-0.006300361919969633,-0.013805820900548715,-0.018965592969258482,-0.030270888067223778
2023-06-26,-0.007553101000378315,-0.01546431587167707,-0.019162937164506455,-0.037361591158765806,-0.060600166336257755
2023-06-27,0.01505921684396161,0.014529104045574393,0.01816816473541949,0.0306161249566268,0.03800042956291749
2023-06-28,0.006327727975758313,-0.001083754432466999,0.003825684944908092,-0.018125041480657078,0.0240996896954786
2023-06-29,0.0017966942002947128,-0.008834406537251538,-0.0023822073816128775,-0.0071746414048823315,0.004917303362650394
2023-06-30,0.023102487834787855,0.019233769000189582,0.01638582576435965,0.03625514278983499,0.016582481606492783
2023-07-03,-0.00778469885605626,-0.0010739443770555468,-0.0074882173054025,0.002623695293241246,0.06895373445427366
2023-07-05,-0.005871420391370785,0.0012287180203460757,0.0004734064633955537,-0.002263262303945912,0.009506123909958086
2023-07-06,0.0025086775601175226,-0.015493205988729275,0.009226735242017226,-0.005057069418573645,-0.021028045208104085
2023-07-07,-0.005891318155438752,0.011062622017709689,-0.011867374917267304,0.009500447389238165,-0.007630056425625198
2023-07-10,-0.010855785927332384,-0.020419182854096718,-0.015983744116629395,-0.00759934045934485,-0.01756370459810941
2023-07-11,-0.002809996456871855,0.012978852839820476,0.00192859066616613,0.005333979931209321,0.000667717084456676
2023-07-12,0.008985519443981849,0.01568569880112225,0.014226848180914908,0.03530262485875579,0.008154422401772665
2023-07-13,0.004057469935744296,0.026758409161619312,0.01619241760479717,0.04726454426115012,0.02172875427149612
2023-07-14,0.0007873643317710677,0.002829408900884234,0.0075292203615808795,-0.011049156277801009,0.012522529912772917
2023-07-17,0.017305549984524493,-0.008315972513331604,0.0014193783610352284,0.021817001766985422,0.03198521516746822
2023-07-18,-0.001340254088077808,-0.005465676406731013,0.0397996896760624,0.022233766131320998,0.010193509901870401
2023-07-19,0.007071730043996638,0.019046892602732513,-0.012267341541563392,-0.008780003314968088,-0.007090702250741598
2023-07-20,-0.010097362957483536,-0.03989357175040831,-0.023121539518654144,-0.03307360432148598,-0.09737009860008494
2023-07-21,-0.00616169344636619,0.00030773533446226686,-0.008936998862553946,-0.026603658179122802,-0.010954754468143868
2023-07-24,0.004219949261063949,-0.009230745755709147,0.0038978559706581706,0.006838461813511998,0.03476659075024635
2023-07-25,0.004513791396304034,0.002562125956798944,0.017009149948966185,0.023917315911143655,-0.014048906614123058
2023-07-26,0.004544925066539918,-0.007589335934878205,-0.037637584917859845,-0.004969526848992656,-0.0035057022016762307
2023-07-27,-0.00658117222833543,0.0007803832093540297,-0.020872061650666796,0.009856654758046979,-0.032683938680391544
2023-07-28,0.013508116454521435,0.030877245332297854,0.02313112501085124,0.018518487713395038,0.04196157931177735
2023-07-31,0.0031659733526827605,0.011118568090654923,-0.0072404301106967495,-0.0004493020384365165,0.00371562162326855
2023-08-01,-0.004275962801799094,-0.014886223394710907,0.0012502452143530185,-0.004750755668350037,-0.023781870118334214
2023-08-02,-0.0154899169892877,-0.026425663778747666,-0.026282885465745753,-0.048121787475430944,-0.02665954157355066
2023-08-03,-0.007321618625802162,0.005459768439170398,-0.002565158597712003,0.005556931534105303,0.020502958173047814
2023-08-04,-0.04802012891243568,0.08269337801006271,0.003428880175562643,0.003706532249592165,-0.02105509239416581
2023-08-07,-0.01725361231899969,0.01898684357254843,0.007108406866090045,0.016495315396049204,-0.009493435973824349
2023-08-08,0.005311626085862997,-0.016031491771390738,-0.012298981831841527,-0.016579839979772193,-0.006959634206558429
2023-08-09,-0.008954302013838844,-0.01493494570121734,-0.01171587287383069,-0.04724155916266115,-0.03007606967809695
2023-08-10,-0.0012346642931130303,0.005150463718840648,0.00217236690479905,-0.0039006642675414316,0.013006292021680244
2023-08-11,0.0003376245614876705,-0.0010825194798443905,-0.00594571124973553,-0.03616616788632776,-0.01096438608281991
2023-08-14,0.009393075692419872,0.015605834874352187,0.009438944926346116,0.07093360873325749,-0.011910156448968756
2023-08-15,-0.011200314636263808,-0.020630355012962953,-0.006727448070859787,0.004274199332567008,-0.028361644764614224
2023-08-16,-0.004959002666457879,-0.018885675014943426,-0.0024286113584552904,-0.010332408280349314,-0.03159340830287438
2023-08-17,-0.014555177777808903,-0.008069975106044458,-0.01098623070734972,-0.003265298525839788,-0.028280162722535862
2023-08-18,0.0028160339329428297,-0.005672447612115605,-0.001262098009955026,-0.0010382705942091341,-0.017014851321818125
2023-08-21,0.007736767988352655,0.01095925117625085,0.01706265555969355,0.08471335046832018,0.073274828918382
2023-08-22,0.007905106414995311,-0.0031926989840012077,0.0018017448629155108,-0.027657790883333422,0.008258403978685713
2023-08-23,0.021948536466626978,0.009459994580714559,0.014079248988389415,0.03170735316233797,0.01573823118710882
2023-08-24,-0.02617031038632489,-0.027154721211281152,-0.021498539526206395,0.0009973640225540148,-0.02879341090367582
2023-08-25,0.0126433009996465,0.010770617478674804,0.009407425885703535,-0.024277550601468856,0.037167463490241914
2023-08-28,0.00884596638850832,-0.0009004586682715976,0.0022291972251089476,0.017753892509656533,0.0009640428763089126
2023-08-29,0.021810226900142338,0.013294308852149106,0.01455047809702159,0.04161413129067304,0.07687791972402569
2023-08-30,0.01917234349017094,0.0011860029483812262,0.001157073263878594,0.009839226891726893,-0.0010887269121663268
2023-08-31,0.0011724855195733852,0.021766395374215985,-0.003132767348149712,0.0018473093936357543,0.004593198535678855
2023-09-01,0.008463201745065874,0.0007970481467276525,0.0027459065985560027,-0.017141074524147593,-0.05064318329763218
2023-09-05,0.001266803665395111,-0.006154002858205887,0.014878510744381623,0.0008039248848474845,0.046855214011356505
2023-09-06,-0.03579337748258138,-0.013914209970579572,-0.0020085032887527943,-0.030549612766782586,-0.017817428513501543
2023-09-07,-0.029249264791027074,0.018395430569861038,-0.008922219606773862,-0.017424042462860112,-0.0017068620153485314
2023-09-08,0.00349163437962674,0.0027565441218631026,0.013215765989719186,-0.014467778147251309,-0.01188916230408743
2023-09-11,0.006622545245221767,0.035231212663680456,0.010979188833710074,-0.00864569584436492,0.10092549928477124
2023-09-12,-0.01706064893417958,-0.013067856717097759,-0.018257847149140916,-0.006817483189078821,-0.022296863386701782
2023-09-13,-0.011854740701025435,0.025632022130484877,0.012930625097098858,0.013706270670302612,0.014281354305895722
2023-09-14,0.008782453241863664,-0.0008975138235036706,0.007855806596337667,0.0021106497803493607,0.017471511114000693
2023-09-15,-0.004153855424713693,-0.029919857618376344,-0.025036846308646443,-0.03687947099423583,-0.005977372284481253
2023-09-18,0.016913367726376416,-0.0029204620264398073,-0.0035128575087517433,0.0015032938901293758,-0.033200974462619715
2023-09-19,0.006180944603014993,-0.016788047695762587,-0.0012459154439349307,-0.010144071110691266,0.004598918977371191
2023-09-20,-0.01999242904340337,-0.01700219075536713,-0.02397687846171659,-0.029434671267620338,-0.014671683535119606
2023-09-21,-0.008889407317425269,-0.04405345369833069,-0.003865667215732449,-0.028930686082666024,-0.026238620989897266
2023-09-22,0.004944510938714286,-0.0016238050792075631,-0.007886626806976826,0.014457441785816094,-0.042315182614647506
2023-09-25,0.007380362880721858,0.01665124873434287,0.001671836820562378,0.014708000502743568,0.008616467528091087
2023-09-26,-0.02339831662649161,-0.040298626825268746,-0.017005602541636966,-0.007365754382031242,-0.011619945391094011
2023-09-27,-0.00889763531410781,0.0,0.0020821900006846583,0.013289958567419546,-0.014828753029631048
2023-09-28,0.0015256456661445483,0.0,0.002717611548919141,0.014622894552713595,0.02444908475181906
2023-09-29,0.00304637190699375,0.009049050319664742,0.006727365125408946,0.009515105516826328,0.015585665483353939
2023-10-02,0.014835747754688322,0.01840783446134786,0.019160688659349834,0.029494953678944613,0.005515166158101437
2023-10-03,-0.0077698959313733384,-0.03661366636292884,-0.026134024051603588,-0.028248088632552903,-0.020151062008054166
2023-10-04,0.007308601089569766,0.018280939360016735,0.017773135617815905,0.012041494250574658,0.05934371052307452
2023-10-05,0.007198057523655654,-0.008188983586829512,0.0012541602572997412,0.014690797916758092,-0.00425032873937603
2023-10-06,0.014750508335394263,0.015878056641289273,0.024736983030531734,0.024033217084585168,0.001845841218459432
2023-10-09,0.008451069530321265,0.0023444468936362206,0.007822577602005776,-0.010685735082960224,-0.003300907210654902
2023-10-10,-0.0033522197383617502,0.009511938819224852,-0.004335754031877803,0.011596279584935587,0.015211543440507347
2023-10-11,0.007904001024616747,0.01814956889912689,0.01227201443436532,0.02200982039180377,-0.002389822071472425
2023-10-12,0.005061357660316679,0.0037927633547389927,-0.0037903599503826824,0.0029696593496029156,-0.015665976919941982
2023-10-13,-0.010292910605865901,-0.019194502454286222,-0.010357523211834474,-0.031611471073044184,-0.02993780718577166
2023-10-16,-0.0007267807574350416,0.021265196921155027,0.014981760777599273,0.013946006050381543,0.01115006015531006
2023-10-17,-0.008784722219222996,-0.008147882355257097,-0.0017436506279985275,-0.04679462271235546,0.0036626021631882555
2023-10-18,-0.0073948928373206435,-0.025405007278304192,-0.005872500353629628,-0.03964696892754882,-0.04775363208267347
2023-10-19,-0.0021609503264997665,0.002107149015711185,0.0036656448669427633,-0.0022511925195706217,-0.09300310180733784
2023-10-20,-0.014704271475385,-0.02515573116103942,-0.014034727658479018,-0.016959214015143775,-0.036890623300491754
2023-10-23,0.0006941926773120777,0.011104892625885654,0.00811208814543507,0.03836937002831542,0.0004245310418349302
2023-10-24,0.0025433694371266302,0.015802781594350668,0.003674248785719314,0.01600939440466198,0.02093550737020089
2023-10-25,-0.013491802683353704,-0.055771610960691276,0.030678088524890956,-0.04314873367229133,-0.018935922882932887
2023-10-26,-0.024605449794497414,-0.01499299533713827,-0.0375142727614306,-0.03477814346253716,-0.031352997455599385
2023-10-27,0.007969210239536118,0.06832816082460003,0.005855446128415709,0.004314722157641171,0.00748448962886572
2023-10-30,0.012305402000723387,0.03890722509168976,0.02274038690979774,0.01632107415566475,-0.04794984223383958
2023-10-31,0.002818912924917427,0.002863308000901066,0.002371772887092005,-0.009256328431563987,0.017632730628176496
2023-11-01,0.018738480210935826,0.02937864429857373,0.023542560259868228,0.037886456704736116,0.023999240251476817
2023-11-02,0.020693256068051502,0.007810272439553012,0.006501607762128492,0.027902968876465595,0.06248172039245192
2023-11-03,-0.005181168769295974,0.0038386235328597973,0.012861708193665944,0.0344549046281839,0.006635907937775798
2023-11-06,0.014605218220530736,0.008225103459209127,0.010572524168874331,0.016576041180890178,-0.0031369449915676917
2023-11-07,0.014450704494669342,0.02125376487729147,0.011219134946152787,0.004459085003967411,0.013271256198382764
2023-11-08,0.00588500750357146,-0.004414580990635519,0.007405874830396453,0.013469633702518191,-0.00031502415940676265
2023-11-09,-0.0026246225110970745,-0.010416636461610618,-0.006910701472598646,0.008073068747226131,-0.054612601186257326
2023-11-10,0.02321998337331177,0.021052569890351647,0.024896674578996913,0.02949948780642675,0.022240205086035525
2023-11-13,-0.008583568873218983,-0.006756765374750118,-0.008088208008504849,0.005896203224845742,0.04220830689495392
2023-11-14,0.014285868029707771,0.02251214528584833,0.009790489795953095,0.021308230323885624,0.06123998273248876
2023-11-15,0.0030408539593078654,-0.017832688951265996,0.00040593512094888595,-0.015466338333540719,0.022871793909364557
2023-11-16,0.009042095939896688,-0.0025837648398919777,0.017583328210817983,0.012109246832644915,-0.038090924639652135
2023-11-17,-0.00010540426436234096,0.016453061783939793,-0.016801019475972012,-0.0036781866006183606,0.0030395424675642158
2023-11-20,0.009278178578360219,0.0065436854591447435,0.020521805840350904,0.022536372130220528,0.005548455120893081
2023-11-21,-0.0042309208733483095,-0.015260459261028925,-0.011577984040310185,-0.009224710537922065,0.023769060694616817
2023-11-22,0.0035145052798855048,0.019527539517508297,0.012812729452535754,-0.02458747249370763,-0.028980059381488954
2023-11-24,-0.007004232405385724,0.0002044767086364363,-0.0011116756256882576,-0.019295339023857605,0.00529435207219775
2023-11-27,-0.0009476646765194108,0.006746559883569869,0.0031263712470241956,0.009753710656003944,0.0026757481035388775
2023-11-28,0.0032141659528950317,-0.00473835354015173,0.010802794576276087,-0.008726795475755722,0.04506946504203557
2023-11-29,-0.005409660220899837,-0.0048288883967405605,-0.010060067574906406,0.006670748974094698,-0.010457205813430348
2023-11-30,0.0030627004862266993,-0.001571972217158657,0.00015830967223751102,-0.028458713348365472,-0.016629792613843564
2023-12-01,0.006791325401340975,0.006434406632690459,-0.011612290194030539,-0.0001070037417845171,-0.005206597761023168
2023-12-04,-0.009464584013712085,-0.014894936132684111,-0.014338713224326338,-0.026836324792987587,-0.01360800559009756
2023-12-05,0.021063182874818454,0.014084566393959497,0.009156229693387585,0.023293895336255144,0.013328802806870987
2023-12-06,-0.005687074443858631,-0.016067541747663228,-0.009985902519971446,-0.022827988132669286,0.002722829646282676
2023-12-07,0.010139411496955297,0.016329923474831087,0.005829790880378383,0.02402028143323931,0.01366087788429815
2023-12-08,0.007412400633103777,0.0036764247561378305,0.008842084297638886,0.01952979660366605,0.0049455858525417895
2023-12-11,-0.012927343542842973,-0.010378502226973785,-0.007829381466089469,-0.018502939865847168,-0.01681426716823431
2023-12-12,0.007920063693149126,0.010898597193382598,0.008295153493698804,0.02209017346945963,-0.011387381846063915
2023-12-13,0.01669156244816139,0.009221593773735215,-2.6699978067923347e-05,0.009043788467537839,0.009619842336358264
2023-12-14,0.0007576254361525425,-0.00954043404920335,-0.02254458745898391,0.005448283416466415,0.04914543063053567
2023-12-15,-0.0027257914219360746,0.01729753821347546,0.013117279368536794,0.011168619614603914,0.009758999874367902
2023-12-18,-0.008503357831011304,0.027338841569267247,0.0051791283747422145,0.02427892777476881,-0.005601570686174839
2023-12-19,0.00536028637515118,-0.0018174467759756174,0.001636842680500017,-0.009445426665086298,0.0203903496997484
2023-12-20,-0.010713907153914182,-0.01085895208954335,-0.007072855241042841,-0.03009838753526528,-0.03918825045959673
2023-12-21,-0.0007698760609535782,0.011306871390431628,0.007878672035597445,0.018270344933734917,0.029780693649462897
2023-12-22,-0.005547631850496226,-0.0027300973670256745,0.002784122432575531,-0.00326601784708358,-0.007701401626197146
2023-12-26,-0.002840733984756927,-6.514474615582078e-05,0.0002135686627393607,0.009195029779548891,0.01611622781987765
2023-12-27,0.0005178232957552265,-0.0004563413242133496,-0.0015747015027151035,0.00280047692149088,0.018822405072142834
2023-12-28,0.002226270001987496,0.0002609139551152939,0.0032347024871226537,0.0021248286017423457,-0.03159428430420175
2023-12-29,-0.005424329889222035,-0.009388462612883952,0.002025241777040998,0.0,-0.018563856087399966
2024-01-02,-0.03578644405994824,-0.013228970207501023,-0.013748564607323654,-0.027341448816919134,-0.0002414583049958896
2024-01-03,-0.007487574760101201,-0.00973782115920796,-0.0007279732227727376,-0.012435616160024865,-0.04013364984377277
2024-01-04,-0.012700009714784466,-0.026267891590348702,-0.007177732669434889,0.00901855274022223,-0.0021807686270334248
2024-01-05,-0.004013193908915413,0.00463442024626004,-0.0005163475464463607,0.022896606217785553,-0.001849229589212631
2024-01-08,0.024174995866565574,0.026576703830634596,0.018871616450687467,0.0642809940743021,0.012463646412957496
2024-01-09,-0.0022634921555452214,0.015224607114340927,0.0029357273394143846,0.01697512579402427,-0.02283214932024613
2024-01-10,0.005671276480224474,0.015590940651907248,0.018574174935458432,0.022769936291384907,-0.004341182513256769
2024-01-11,-0.003222572281406988,0.009432101662268044,0.0048594495970586404,0.008684567352872818,-0.028725319101363445
2024-01-12,0.0017784024781999364,-0.0036086969005325598,0.009983518320765494,-0.0020430317078270477,-0.036660513098772496
2024-01-16,-0.012317174520518726,-0.009442449238027617,0.004633438012283664,0.030561141678973724,0.004659894354722027
2024-01-17,-0.005173524216954495,-0.009467203666572499,-0.002049746257496987,-0.005835081614709914,-0.019826295019533036
2024-01-18,0.032570702242708194,0.011798781932089941,0.01129751711915894,0.018803632173331808,-0.017026203279914
2024-01-19,0.015533037557803553,0.011986946826648914,0.01218661750646488,0.04174622569858277,0.0014630807600990448
2024-01-22,0.012163380281690062,-0.003604979862209201,-0.005417916336607376,0.002739822181677898,-0.015976244642273096
2024-01-23,0.0066529210496393265,0.008011406531487353,0.006027490266043323,0.003671268656358251,0.0016283349277841364
2024-01-24,-0.003483783864481893,0.005447960655367012,0.00917516225933479,0.024869242875751985,-0.006263735117226887
2024-01-25,-0.0016966961944384629,0.005609771850602074,0.00573841203439418,0.004155611266437154,-0.12125293136804816
2024-01-26,-0.009012656450872347,0.008684596622424712,-0.0023217863547110307,-0.009510329122358385,0.0033948152034783963
2024-01-29,-0.0035859935367826834,0.01344896590822775,0.01433418445611645,0.02349632753787767,0.04190991910385411
2024-01-30,-0.019245699489989776,-0.014014601164705653,-0.0027579213334761876,0.0049465246278557196,0.0034567835721344142
2024-01-31,-0.019357800910657308,-0.023899390262627773,-0.026946395312668847,-0.019864740919429025,-0.02244377647032403
2024-02-01,0.013340652931328467,0.026288672108771616,0.015594335065238996,0.024379491609974435,0.008382761388752824
2024-02-02,-0.005404885386694147,0.07866649218561839,0.018425847620512137,0.04970889149116253,-0.0050301649114266045
2024-02-05,0.009846500575131367,-0.008730574595861018,-0.013544918664433636,0.04794444676502163,-0.03645365318513305
2024-02-06,0.008631735562336429,-0.00681113075414308,-0.0003946510510253187,-0.0159956035791059,0.0223130928940527
2024-02-07,0.0005811012516196978,0.008158468416245013,0.021110338986515487,0.027498074784522375,0.01339813963135228
2024-02-08,-0.005754811385672243,-0.004046223223746481,0.00014492614539629578,-0.006533583855990677,0.010555473441792307
2024-02-09,0.004094034758525433,0.02714319777292107,0.015551403057371127,0.03578364004508017,0.021154303741671487
2024-02-12,-0.009002064680269761,-0.012095159915523457,-0.012578601960417934,0.001594163602270049,-0.028103539988478476
2024-02-13,-0.011274230232168558,-0.021469171561243172,-0.021528753346837348,-0.001660942285451883,-0.021846598116614713
2024-02-14,-0.00480968780965485,0.013875689909627953,0.00966534650711881,0.024567678917413405,0.025486372853585015
2024-02-15,-0.0015747166379644906,-0.006901349311422389,-0.007155250758021148,-0.016806803421296812,0.06221180550417671
2024-02-16,-0.008430438248626881,-0.0017079419299743659,-0.006149181324786479,-0.0006193781191519143,-0.0024943876658132247
2024-02-20,-0.004113812089462376,-0.01433539469369316,-0.003143076707528558,-0.0435321029349488,-0.030957752117438453
2024-02-21,0.004185930345026678,0.00903755380828164,-0.0015143352583636416,-0.028508897516512754,0.00521268473502845
2024-02-22,0.011243870010741785,0.035530017339574504,0.02354674146406266,0.16400904383394654,0.013554445406056326
2024-02-23,-0.010034158464172771,0.0023485144793740087,-0.0031825268736468404,0.0035522499073177283,-0.027556873210526134
2024-02-26,-0.007451227885586609,-0.0014858549486425066,-0.006823501534158893,0.0034892130683543687,0.03870392576202142
2024-02-27,0.008114453314312708,-0.006810521779339163,-0.00014719748085501028,-0.004943817404997719,0.0016549741281637331
2024-02-28,-0.0066253847938637644,-0.0021896371944472026,0.0005888766045727412,-0.013189099633870494,0.01156560160219966
2024-02-29,-0.003693162794096594,0.02078996747858297,0.014519835415266025,0.01865760182659848,-0.0007918650199801869
2024-03-01,-0.006030344330795634,0.00825982552183624,0.004496653073405854,0.04003190571409876,0.003764585340074067
2024-03-04,-0.025381363231605003,-0.003591063770984282,-0.0013958980226319584,0.035950649320284134,-0.07155546804023882
2024-03-05,-0.028440905885228962,-0.01948421375262155,-0.029572002568075684,0.008576527505880227,-0.03933237971984138
2024-03-06,-0.005878208622145054,-0.0035033346396604603,-0.0013907331399963807,0.03182730169420123,-0.02323786698783792
2024-03-07,-0.0007096105800260544,0.019076784751165476,0.017533369711878688,0.04474630598193774,0.011951969472048907
2024-03-08,0.010236709383779408,-0.008313545751684748,-0.007136985020109399,-0.05547701462832777,-0.018527834714126334
2024-03-11,0.011831656603280116,-0.019332758891648982,-0.004184885228590063,-0.020039335429908878,0.013858834181150304
2024-03-12,0.0027785304530432153,0.019946455814511488,0.026599443045867366,0.071571883375809,-0.0012938683737420131
2024-03-13,-0.01212257718894405,0.0066708374081581034,-0.00043343665725059655,-0.011151931003105742,-0.04539820808488959
2024-03-14,0.010927270389522903,0.012403729449981915,0.024379720491655155,-0.03239148971052952,-0.04118477639544138
2024-03-15,-0.0021963468389186724,-0.024223786467438835,-0.020695213430319104,-0.0012166144958714042,0.006584660456730784
2024-03-18,0.006372249326051627,0.00034398325434925603,0.0021612503329866417,0.007035688939743379,0.06254200201423088
2024-03-19,0.013585073029849681,0.00813845829732096,0.009800694608155247,0.01066094529643058,-0.014269250195585559
2024-03-20,0.0147091873328562,0.012791359170393646,0.00906476541470047,0.010895001241144397,0.025332688257929448
2024-03-21,-0.04085743933859787,0.0,0.009735995025103916,0.011762327810532325,-0.016167575308454918
2024-03-22,0.005310156730488957,0.0040415450203241665,-0.0014674265088787664,0.031213560211815095,-0.01151490226146512
2024-03-25,-0.008300327606878932,0.004696213001679439,-0.013714445869491665,0.007561888154944407,0.010536808713131895
2024-03-26,-0.006672497678184897,-0.007845994154095037,-0.0028616196729244203,-0.02569425232254452,0.029195349264770964
2024-03-27,0.02121249072747422,0.008581036192426339,-0.0005216874336086974,-0.024967192596776044,0.012157391142962881
2024-03-28,-0.010559091965533951,0.0030584610251771505,-0.0016847704369771233,0.0011744478382336165,-0.022465709302040393
2024-04-01,-0.008455871227885936,0.003270852211551434,0.009150999370146184,7.738798975576167e-05,-0.003242460249155976
2024-04-02,-0.006998631117995147,-0.0015472110151306673,-0.007372207360647032,-0.010081540016716573,-0.049024062767074494
2024-04-03,0.004797312979438306,0.009519072430478781,-0.0023490940511086134,-0.005455264315129882,0.01050231020055925
2024-04-04,-0.004892216844412101,-0.013212014767422509,-0.0061123714149816655,-0.03438485328013785,0.016213301154368365
2024-04-05,0.004501730070037402,0.028166707356770848,0.01828267759268276,0.024480625347617524,-0.036292482565110196
2024-04-08,-0.006663540767380405,0.0006483768975988902,-0.0021855924354354794,-0.009942423716997939,0.04899940648952894
2024-04-09,0.007242520458911494,0.002591909504893186,0.00398032584507213,-0.020417103036256212,0.02254601255405486
2024-04-10,-0.011139365811103086,0.0015080453603608657,-0.007084514655175123,0.019741426865504952,-0.028946236061948905
2024-04-11,0.04327110946654056,0.016671181255133227,0.011033311431965176,0.04109651155009475,0.01653476762638495
2024-04-12,0.0086266107105899,-0.015445639364236818,-0.01409100957485998,-0.026816514624758203,-0.020332204625772565
2024-04-15,-0.021863712037757388,-0.013485250630092094,-0.019578088275753025,-0.02477702289478323,-0.05594859487563397
2024-04-16,-0.019167228174337247,-0.001633742516860992,0.002272335354568611,0.016441643796901273,-0.027062145360474688
2024-04-17,-0.008147268447418199,-0.011128128209780819,-0.006608943947186474,-0.0386660887940361,-0.010565868854054306
2024-04-18,-0.00571436375002965,-0.011363622972558218,-0.018380998935308313,0.007568113292147904,-0.03550983840996058
2024-04-19,-0.01221258096698652,-0.02561096030926935,-0.01273892136241761,-0.1000459170642074,-0.0192088959161848
2024-04-22,0.005090932030448858,0.014888568814227066,0.004610088781920707,0.04354324270335552,-0.03400203941675628
2024-04-23,0.006391735922387731,0.01303389727631088,0.016485492630473386,0.036532569560143946,0.018514534090260826
2024-04-24,0.012702189954491683,-0.016430862529557833,0.003655717961796423,-0.033315785661798825,0.12061109407252757
2024-04-25,0.005147219252627844,-0.016535467634067658,-0.024495108568360457,0.037087109168975285,0.04965143743002587
2024-04-26,-0.003472698046022793,0.034260361668536854,0.018243944885887986,0.061755811952239004,-0.011105884774887609
2024-04-29,0.024807961306681614,0.007460258507441919,-0.010016832115358865,0.0002509327974300479,0.1530691710339953
2024-04-30,-0.018270851090189666,-0.03293549122868411,-0.03211942494024467,-0.015440586687492486,-0.05550118063944742
2024-05-01,-0.006047058268373373,0.02285714285714291,0.01440940194973006,-0.03889969126640147,-0.017950640048260635
2024-05-02,0.022031835768036467,0.031955314082140474,0.007342910738258768,0.033429305005143295,0.0001110562423569661
2024-05-03,0.05981628885765988,0.008066292135759712,0.022169651214539288,0.03463181051607034,0.006555235656792835
2024-05-06,-0.00910676718497383,0.013371946429286963,0.016918396360621202,0.03774120388572544,0.019703030064167848
2024-05-07,0.0037971732747672515,0.0003179520909595279,-0.010156274878643679,-0.017212942129525732,-0.03761635178001177
2024-05-08,0.0018640957531674829,-0.004026247769404412,0.002931609874547325,-0.0015679796304272076,-0.017378079862311324
2024-05-09,0.01001429048098923,0.007978723404255428,0.004335803391249504,-0.018415628296292397,-0.01573946875450305
2024-05-10,-0.00689019420383441,-0.01065965315282813,0.005869164943908212,0.012743761917574314,-0.02035238689978358
2024-05-13,0.017645391605620064,-0.004853789332504466,-0.002459363864669384,0.0057970876628812285,0.020300339194899042
2024-05-14,0.006173255296980651,0.002679959159411549,0.0068645199869021845,0.010586300720218711,0.03292805679333921
2024-05-15,0.012218090219497935,-0.005773249525686364,0.01748399114575694,0.03583776040715736,-0.02005067585133169
2024-05-16,0.0006324329410758445,-0.012688857146349708,-0.004940145676323393,-0.002863746645383025,0.004885285464054867
2024-05-17,0.0001581095540452715,0.005826891232250109,-0.0018526967585704712,-0.019923956673522758,0.014985188920464187
2024-05-20,0.006161977391640372,-0.006280474722663021,0.01220823019526418,0.024881359810429826,-0.014144086952910362
2024-05-21,0.006857423054209333,-0.0021248741632045043,0.008698980795777356,0.006393686596921189,0.06659050790792542
2024-05-22,-0.007538508950080791,-0.00010914012742568868,0.0034495123578028863,-0.004570888669109929,-0.03478030697150003
2024-05-23,-0.02105792237574411,-0.011358061353112014,-0.008176112151050186,0.09319650398242785,-0.03536724832380789
2024-05-24,0.016587984819031787,-0.0016570176564539851,0.007400428864867026,0.025722652817031344,0.03165649721483632
2024-05-28,5.2691324749831736e-05,0.007745471073219212,0.00037203092501680857,0.06980438342142836,-0.01389201861667555
2024-05-29,0.001578956825012412,-0.0007136405620595809,-0.0026724657181752542,0.008112293628007139,-0.0031683030189180172
2024-05-30,0.005255134590451016,-0.014833517662161122,-0.03378617426086483,-0.037665971074175464,0.014756744473008343
2024-05-31,0.005018581742626038,-0.016060700229647673,0.0011092263901151256,-0.007846131133703915,-0.003971091681523098
2024-06-03,0.009258794170812434,0.01076849847083472,-0.003878251571059921,0.04895419153371128,-0.0100517100545634
2024-06-04,0.001649342834515899,0.00560726713319748,0.006166516822668999,0.012495769934346201,-0.008622094682395387
2024-06-05,0.007820845212079153,0.010817455564965828,0.019083470940877367,0.05155567840186959,0.0013159908560766986
2024-06-06,-0.00709647182215134,0.020520748266509736,0.0012027475866995818,-0.011777245588427077,0.01680001395089281
2024-06-07,0.012391891758334106,-0.003783767287795614,-0.001578203437497705,-0.0009090562672329217,-0.0025851787543875737
2024-06-10,-0.019147550836813076,0.014975553234585881,0.009484407527190708,0.007461435410686779,-0.020791089307163446
2024-06-11,0.07264892511701193,0.0009087895389929823,0.01124169835806188,-0.007143987607067803,-0.018010183238054034
2024-06-12,0.02857828532811868,-0.0018159287809064173,0.019367615181701936,0.03548087981789205,0.03884911216309472
2024-06-13,0.005491179032758975,-0.016373254687715777,0.0011791147046347206,0.0352235249862749,0.029217711832219218
2024-06-14,-0.008168280092065605,-0.0009247574783878276,0.0022419101379769213,0.017514316210574643,-0.024442410719736185
2024-06-17,0.01967150714928212,0.002177904217078641,0.01310519942032351,-0.006824504038386192,0.052974598199923895
2024-06-18,-0.010984472888090457,-0.006791263808433312,-0.004527465492657035,0.03511983074600611,-0.013764414198944475
2024-06-20,-0.021512882277170076,0.017996874289478493,-0.001433832189037143,-0.03540331995359125,-0.017797215597047833
2024-06-21,-0.010444461246217451,0.01601287280926522,0.009154143535527126,-0.03219151249937546,0.00793075466503601
2024-06-24,0.003132645926378297,-0.0185635417434159,-0.004691173252679315,-0.06684056025803731,-0.0023495584322592578
2024-06-25,0.004468166905733373,0.004149318226444709,0.007326808331882484,0.06756417378617252,0.026125557150967316
2024-06-26,0.019993223234552993,0.03901472799901873,0.002683268853991505,0.002458637840539346,0.04814512260377568
2024-06-27,0.003985926459303402,0.0218997235669518,0.0015259195637158385,-0.019066437746946385,0.0053470646120412635
2024-06-28,-0.01625416236580668,-0.023249966952787915,-0.013028520596873205,-0.0036293878779245503,0.002330091774560339
2024-07-01,0.02910466154680913,0.02043982896891161,0.021881579888890723,0.006151871465324588,0.060541719385108106
2024-07-02,0.016239958966820955,0.014198798656638534,0.0055831868359663694,-0.013113410762866429,0.10197271435359379
2024-07-03,0.005811099847837564,-0.012050018310546862,0.0032441414430044446,0.045732354982504386,0.06542422054051067
2024-07-05,0.021620383576703928,0.012196992290986808,0.014736297880398652,-0.019098809388085503,0.02082067005771515
2024-07-08,0.006538910286694399,-0.0035500335693359197,-0.002823316136589038,0.018834819213603637,0.005645666924397386
2024-07-09,0.0037747468450632926,0.0002509059834530092,-0.0143701627616718,0.024805228596282314,0.03712336538398886
2024-07-10,0.018803498228924465,0.002257434315787954,0.014601617101111186,0.026868670600911804,0.003545241645880992
2024-07-11,-0.023220766140675475,-0.023724863074531144,-0.024772081801915702,-0.05566677099833184,-0.08444127539962887
2024-07-12,0.01305085391681704,-0.0028710461411536325,-0.0025293100458769757,0.014442743479579745,0.029871787680814776
2024-07-15,0.016743398377145224,-0.009100746683474936,0.0009040032559393119,-0.00619020642132484,0.01776579679334911
2024-07-16,0.001791817023429454,0.0015566783408964557,-0.009780526159439473,-0.016194369758576466,0.015516142251486675
2024-07-17,-0.025295955263872405,-0.02637038381521739,-0.013347556231272373,-0.06623926448002104,-0.031415644041518975
2024-07-18,-0.020534893335882654,-0.022242286163404512,-0.007102256184312483,0.02627338861871853,0.002937608561525362
2024-07-19,0.0005798709865934004,-0.0033741230867346816,-0.007402961676328368,-0.02609617243824469,-0.040243947162209914
2024-07-22,-0.00156030217255676,-0.003167158934036185,0.013337607277593033,0.04757048811986997,0.05146320115237035
2024-07-23,0.004688290218649138,0.021144894800451786,0.004312239248625449,-0.0076897929919688135,-0.020396762498772203
2024-07-24,-0.028754229628454198,-0.029934025650088625,-0.035854824664721896,-0.06803160798320185,-0.12334604589403697
2024-07-25,-0.004804634627185056,-0.005419431054668911,-0.024481293688264905,-0.017242994275696533,0.01972310939623889
2024-07-26,0.002160981796282435,0.014734466536293178,0.016419615686428246,0.006946926277276999,-0.0020431189477511102
2024-07-29,0.0012846924276306293,0.003835599716395466,0.003433253957442428,-0.013002015007165246,0.055959976710561854
2024-07-30,0.0025660177629389658,-0.008133134602594794,-0.008928462705754314,-0.0704363294647874,-0.04084450985365373
2024-07-31,0.014990834358687533,0.029002194810164417,-0.010805821827391537,0.12812098358547086,0.04244907202543402
2024-08-01,-0.016750659302493642,-0.015563100170141508,-0.0029640789796074873,-0.06674067091210467,-0.06554059651757449
2024-08-02,0.006869350860462697,-0.0878470841762542,-0.020665859035393974,-0.01776407212062725,-0.042377581921705376
2024-08-05,-0.04816702677120133,-0.04097671157906757,-0.03265694882128101,-0.06357781064467705,-0.04232673647438423
2024-08-06,-0.009748217104525003,0.005651399696776416,0.0112868792572558,0.03783003070858948,0.008849529684359148
2024-08-07,0.012498298000377606,0.0051874985158653075,-0.0029529236583589746,-0.051223220822463666,-0.044258397676563366
2024-08-08,0.016633282600105215,0.018615215947435537,0.010692005573536889,0.06126778166183988,0.036921162045623124
2024-08-09,0.013735964101432518,0.00687575011257735,0.008269327799607318,-0.0020956957811797405,0.005833854775063374
2024-08-12,0.007129831338049675,-0.000838620987187122,0.0019458400859664327,0.040763668701764066,-0.012549972534179665
2024-08-13,0.017193096665186314,0.020563504874259175,0.017698660203621763,0.06530905509178564,0.05235706137163754
2024-08-14,0.0020336631007802364,-0.0007636117446156998,0.006883893476300029,0.01670403569023815,-0.0310349655555765
2024-08-15,0.013530584420109681,0.04403286281963403,0.011823753550932459,0.04048108012121632,0.06336276788880446
2024-08-16,0.005918472922716411,-0.002984395462729106,-0.006080312096679585,0.0139995996457698,0.009246267550119258
2024-08-19,-0.0007078535804393438,0.006551472258579993,0.0073123689121139535,0.04350631208228872,0.030538618603692225
2024-08-20,0.0027446886124353753,0.003703308593809629,0.007757345549456396,-0.021153944390132184,-0.007273684933137958
2024-08-21,-0.0004855678336432856,0.006876093995775934,-0.0015536118932711895,0.009823120251523765,0.009814554993405888
2024-08-22,-0.008259680916298695,-0.022097583221652117,-0.020252767418888262,-0.03704274176676492,-0.056478704568676985
2024-08-23,0.01028807555547262,0.005166572293719973,0.00298403179301876,0.04549858112064786,0.04585589810206048
2024-08-26,0.0014989334538004773,-0.00869856159361615,-0.007917718251160943,-0.022493641367210437,-0.0322712435275504
2024-08-27,0.0037415222158205808,-0.013561281383547064,0.0008465132011481469,0.014550161715409793,-0.018760845523390857
2024-08-28,-0.00675344360558694,-0.013401063602498708,-0.007828977220249445,-0.020966498128261124,-0.01653843794670573
2024-08-29,0.014570082342909574,0.007728290643119529,0.006137236208212382,-0.06384848827359224,0.002575935743848623
2024-08-30,-0.0034378171111241196,0.037067191865004956,0.00973087757934965,0.01513736026912249,0.03795812428442069
2024-09-03,-0.027205253670671947,-0.012605042016806678,-0.018459149035287115,-0.09525003766340101,-0.016393416920415627
2024-09-04,-0.008618826339636287,-0.016567365497562103,-0.0013188643831134605,-0.016574087384834235,0.04183284569452206
2024-09-05,0.006927799031515747,0.026308183871355473,-0.001247213910021694,0.009415393266049898,0.04904058305110959
2024-09-06,-0.007014952772974148,-0.03653943460735232,-0.01638129818548628,-0.0408544883335239,-0.0844593239607937
2024-09-09,0.000407519730173167,0.023396899008788496,0.01000736392815793,0.03539821957804978,0.026289605928169646
2024-09-10,-0.0036214086874456486,0.023660258265018275,0.020901197039294495,0.015309448822849125,0.04577608406578748
2024-09-11,0.011585173110859825,0.02768031821904482,0.021342195862826152,0.0814986300715983,0.008666077418469476
2024-09-12,0.0004940326689277796,0.013440254011034547,0.009360890872003758,0.019161749990630916,0.007364189890953776
2024-09-13,-0.001212064467764784,-0.0027272433520638684,0.008407493100406782,-0.0003358162294692102,0.0020886633855721204
2024-09-16,-0.02777525629031352,-0.008579580976924128,0.0017417348083095252,-0.019479398424273597,-0.015241628421408637
2024-09-17,0.0021725717344860396,0.010763186217390919,0.008833038156700557,-0.010190111185763628,0.004806404196833203
2024-09-18,0.01798980348964907,-0.0024080275860086653,-0.009973510257990315,-0.01920578191337563,-0.0029402649901351108
2024-09-19,0.03706564077381258,0.01845197970580159,0.01829109359635428,0.03969309551761424,0.07359155565707187
2024-09-20,-0.0029275221508617832,0.009111555436973395,-0.0077958768207827545,-0.01586496904521839,-0.02324531900421767
2024-09-23,-0.0075809099851491535,0.011899784481557152,-0.004043474748196996,0.0022413654136228534,0.04931794333683115
2024-09-24,0.003973935712793697,0.0004126358007008335,-0.01001131114567333,0.03965247738536104,0.017080017089843746
2024-09-25,-0.004398164347828248,-0.007372694808574054,0.0068502823182186035,0.02184165433641705,0.010815214909361437
2024-09-26,0.005080276800315753,-0.007115748848874004,-0.0018513581806831603,0.004291112163702371,-0.01089404681602335
2024-09-27,0.0011865573722462663,-0.016687603998192135,-0.007627976429086858,-0.02128340222345626,0.024545630573566513
2024-09-30,0.02287206139564235,-0.008724793206352333,0.00532698116791086,0.0003295017620266183,0.004492104223754234
2024-10-01,-0.02914160333431859,-0.006440170323887107,-0.02233328033310933,-0.03656139114179224,-0.013798172234708361
2024-10-02,0.0025197324497827633,-0.0019986515757441925,-0.008462409660270676,0.01581215842061856,-0.03488095932262847
2024-10-03,-0.004894596519858574,-0.015154729791167831,-0.0014143833961204333,0.033655791555120995,-0.03357160254966751
2024-10-04,0.00500735316537293,0.02500542770436165,-0.0011522919981747926,0.01684978676440796,0.03914235030998814
2024-10-07,-0.022530900043442714,-0.03061493551686767,-0.01567080192338488,0.022414399979764132,-0.03698816351676526
2024-10-08,0.01840415395437156,0.010619458719785868,0.01262400535438224,0.04047907598237832,0.015238957526229946
2024-10-09,0.016698318528298728,0.013408477078997505,0.006630980020848609,-0.0018058437153170015,-0.014110416966225725
2024-10-10,-0.002178326193022495,0.007992632403596822,-0.0038805073821274183,0.016283377091003803,-0.009458613360014412
2024-10-11,-0.006505254752318335,0.011626110360002828,0.0011543058235534698,-7.416712582342111e-05,-0.08782510719719305
2024-10-14,0.016479814884474475,-0.006779016992029097,0.006773607248991453,0.02425818596855467,0.00624426350457119
2024-10-15,0.01102469714902532,0.0007998782160802964,-0.0009543603461655836,-0.04686030433050681,0.0018707960177875016
2024-10-16,-0.008852011473586607,-0.004262363692000948,-0.006256972744738465,0.031307072782547074,0.008015641700267029
2024-10-17,0.0015964691604859471,0.0034244710350397334,0.0014420043437459729,0.008915286557078295,-0.001987992760882462
2024-10-18,0.012276500252003109,0.007785456851548744,0.003455604839017301,0.007814242732701926,-0.0008601676940163117
2024-10-21,0.006297853161462141,0.0004233124965837831,0.0014826662209044272,0.04137678680206358,-0.008382378207102636
2024-10-22,-0.0026216466109997283,0.003332044214411578,0.020846325823830503,-0.0008349934595188735,-0.004021041161846095
2024-10-23,-0.02162310070812601,-0.026304640562205495,-0.006806973193507759,-0.028066086477301466,-0.019819274670942355
2024-10-24,-0.0008233277710454345,0.009041189476714617,0.0003062004537526253,0.00609062345434741,0.21919035070290427
2024-10-25,0.003643213176531823,0.007779788122410869,0.008052184254294659,0.008047824686881144,0.03343823359841336
2024-10-28,0.008599352944553607,0.002981406341556969,-0.0036435784588774167,-0.007206419817848642,-0.024815158866218545
2024-10-29,0.00115679634468413,0.012951868195294036,0.012564772201894447,0.005194955867534379,-0.01139012091242797
2024-10-30,-0.01527791307109605,0.009956473710913016,0.00134276926683774,-0.013522109433509621,-0.007590942139718337
2024-10-31,-0.018209486389209273,-0.03284388507953562,-0.06052753903913377,-0.047222629386888926,-0.029897037679701755
2024-11-01,-0.01327956168281752,0.06185621865256041,0.009892921907810326,0.019885571183990924,-0.003482130697311625
2024-11-04,-0.004037470749231664,-0.01086239567545566,-0.004654391634132837,0.004800532848886929,-0.024660613282231236
2024-11-05,0.006486057784538923,0.0190009257528736,0.007344628198936887,0.028372071209444405,0.03541429020427711
2024-11-06,-0.0032668770029193883,0.038045094425516846,0.021192802252537613,0.04074056778958668,0.14751032444224466
2024-11-07,0.021372087831926345,0.01429333510169939,0.01249471959147841,0.022457163895771792,0.02904379065700735
2024-11-08,-0.0011881839501586278,-0.008902691496347037,-0.006793081774105869,-0.008396276355505439,0.08187665372925301
2024-11-11,-0.012028602253461695,-0.006436720074140534,-0.01072096447469395,-0.016053572431175556,0.08959591143118995
2024-11-12,0.0,0.010007771034946433,0.012009319753290226,0.02085900723887235,-0.06145717075892854
2024-11-13,0.003969060364010346,0.024843245179395845,0.005129700744709753,-0.013621626028529121,0.005327407385385952
2024-11-14,0.013770583550115845,-0.012237320417028852,0.0039746253666170794,0.0033497694463624494,-0.05771559508909463
2024-11-15,-0.014109231725173532,-0.041942478231440816,-0.027852758038453662,-0.03257029929531685,0.030657525449785616
2024-11-18,0.013422261395069857,-0.004491405455644082,0.0018314929747760278,-0.01288910539826904,0.056186046847983784
2024-11-19,0.0011401307103171554,0.014427385751800914,0.004882478690395375,0.048947700677948625,0.021432396454288627
2024-11-20,0.0031541185202828004,-0.00845508881471324,-0.005505230286540819,-0.0076185062905554934,-0.011473991967350106
2024-11-21,-0.002096044896067739,-0.022180598835253806,-0.004316670361050656,0.005346513126098795,-0.006987644766217049
2024-11-22,0.005907449928737485,-0.006351495788949668,0.010003155395307939,-0.032181054925635055,0.038040225983177356
2024-11-25,0.013050867548310974,0.021966324768223133,0.004292520667712685,-0.04177533253584087,-0.039624464821427674
2024-11-26,0.009404516349888592,0.03181932866326265,0.021968010798594007,0.006616671939369878,-0.001063189566898104
2024-11-27,-0.000553155177552056,-0.010199148999145757,-0.011682454432063394,-0.011539715341721934,-0.015788061864523528
2024-11-29,0.010215883876433907,0.010450052683389277,0.001111110625475309,0.021501614290346582,0.03685898787510977
2024-12-02,0.009522497542852282,0.01356490130596999,0.017758475449137334,0.0027485543672842727,0.034563659025395044
2024-12-03,0.012771907796523152,0.012956175029913197,0.000510473537130407,0.011757990339645197,-0.01587830229999254
2024-12-04,0.001483632339151164,0.02211394849472459,0.014424810133203403,0.03479253705418417,0.018524782309774723
2024-12-05,0.0001234265638461185,0.010955259211262725,0.011887912777782228,-0.00048242950108456917,0.03229681165351517
2024-12-06,-0.0008229105467324471,0.029381072944344444,0.002146291585313209,-0.018061378825443786,0.053397958017247005
2024-12-09,0.016101100453194572,-0.004140432746599476,0.005523420754441233,-0.02548454541528611,0.0014644862094215227
2024-12-10,0.004133767327917814,-0.004644181824783544,-0.006031175836112235,-0.02694326589892848,0.02873337295448497
2024-12-11,-0.005165999427603096,0.02319588240507109,0.012767049682790743,0.03139106037169204,0.05930322291934931
2024-12-12,0.005963636092032987,-0.0056023335225716675,0.0012694635812942057,-0.014141056000939622,-0.015702575706076027
2024-12-13,0.000685681701381613,-0.006594726378065796,-0.005093828947443257,-0.022498918064773,0.04336284290396253
2024-12-16,0.011727559960675427,0.024048121869595374,0.009658653451355637,-0.01675981083589173,0.06141250567967771
2024-12-17,0.009719625117285968,-0.00764177579215608,0.006355260581240696,-0.01219692416139928,0.036369912179738284
2024-12-18,-0.021421804183572868,-0.045987410359975445,-0.03756104129409987,-0.011350387008863927,-0.0827949436951747
2024-12-19,0.007014647062039803,0.012561168873593154,-0.0008231042343443962,0.013730066260295493,-0.008997322180141931
2024-12-20,0.018815885418458134,0.00729994595290151,-0.0009838995120972083,0.03076235916937775,-0.034642491239586515
2024-12-23,0.003064932130502296,0.0006224408269079884,-0.003092014314787006,0.03689689757521042,0.022657123925894362
2024-12-24,0.011478149780842495,0.017728630305015702,0.009373908010368748,0.003937854184755452,0.07357174228224572
2024-12-26,0.0031756214191516197,-0.00873171784917226,-0.0027770366735764274,-0.0020681551781494,-0.017629994630971146
2024-12-27,-0.013242151558505388,-0.014534256804240364,-0.01730151383322842,-0.020867637223834,-0.04947922616674816
2024-12-30,-0.01326337057770599,-0.010949707031249978,-0.013239520829944174,0.0035032852629626188,-0.03301209257078741
2024-12-31,-0.00705787267006408,-0.008630834323407832,-0.007838449264731984,-0.023274255761140172,-0.03251001941775111
2025-01-02,-0.02623584909070442,0.003783225458606987,-0.00692766885324736,0.029935051893356546,-0.06081615932376483
2025-01-03,-0.0020094210881627106,0.018027432561515733,0.011395712330661834,0.044537801029740365,0.08215567328200035
2025-01-06,0.006738917294658808,0.015254909370185477,0.010629511981937512,0.03433227133768657,0.0014861742226248698
2025-01-07,-0.011387752561417774,-0.02416414035082548,-0.012808171902753962,-0.06216958077745127,-0.040603340073111505
2025-01-08,0.002023026959630858,9.006470850470016e-05,0.00518501253138326,-0.00021391525252778543,0.0014707807875757872
2025-01-10,-0.024103726794297398,-0.014360970473526025,-0.013213695178899476,-0.029976440320453435,-0.0005064369418008585
2025-01-13,-0.010344172457458667,-0.0021923619356289947,-0.00420090563870712,-0.019719047928696942,0.021710512074366584
2025-01-14,-0.00477825269621468,-0.003204303696411115,-0.0036434207119124817,-0.011033509648449402,-0.017232432245921525
2025-01-15,0.0196759314065158,0.025670516796895804,0.025597058118875582,0.034001317162089206,0.08038151439752794
2025-01-16,-0.040400205052104066,-0.012043887924316987,-0.004057980902973046,-0.019597900489832676,-0.03362756026209679
2025-01-17,0.007535300675703516,0.023928209424767255,0.010480932714473035,0.03099507975064153,0.030641323404759335
2025-01-21,-0.03191590066579353,0.021111818274402117,-0.00123537317017397,0.022656156218898937,-0.00569752092797482
2025-01-22,0.005345080759535437,0.018638063663626525,0.041306934506365245,0.04430888673829947,-0.021128638710367298
2025-01-23,-0.0007595330444855053,0.0017446222360446573,0.001143017905646193,0.0010199037427571778,-0.006576523247056931
2025-01-24,-0.00393458811566294,-0.002421170970448472,-0.0059323270229415526,-0.031245768554854614,-0.014064741844588391
2025-01-27,0.03178030226598594,0.0024270472668348475,-0.02139352355211055,-0.16968169831960267,-0.023193450212053546
2025-01-28,0.03654394776970249,0.011596277923593856,0.029086878025820884,0.08925849204541603,0.0023668700890153715
2025-01-29,0.004616744880945767,-0.004534900692607424,-0.010889924191520461,-0.04101088913262885,-0.02258280870425211
2025-01-30,-0.007394687808264244,-0.010250170242948609,-0.06180915206202331,0.007680018163539026,0.028732954254456988
2025-01-31,-0.006692194071819979,0.012955989149507907,0.00016876950399669077,-0.036742990704274114,0.010792463618949588
2025-02-03,-0.03385588500569414,-0.0010938846972727845,-0.009974354036637267,-0.028400092546333577,-0.05170542044525339
2025-02-04,0.02100792245613703,0.019543422733693472,0.003528422491082095,0.017058062387236506,0.022232065633156273
2025-02-05,-0.0014176323384930134,-0.024332807771026643,0.0022311816527824657,0.05208592902447218,-0.035797094243459227
2025-02-06,0.0032262256341100137,0.011263088803542765,0.006121642719700615,0.03084225906783522,-0.010180622383618276
2025-02-07,-0.02396872734152533,-0.04053095448794508,-0.014597763973829725,0.009014268816280868,-0.0339282217314959
2025-02-10,0.0011873091373264533,0.017412199866636335,0.0060280425311596275,0.02872776117199205,-0.030114441341470455
2025-02-11,0.021831795788583408,-0.0016299428832775575,-0.0018921114507687298,-0.0057646316166702904,-0.06338211812502892
2025-02-12,0.018270119405793483,-0.01645472556041927,-0.005833205957403997,-0.012500099134159393,0.0243835913717656
2025-02-13,0.019673273034993777,0.006290143220533118,0.003667050772909297,0.031645416393918824,0.05773971683431944
2025-02-14,0.01271060936966606,-0.007336035409240549,-0.0051394313556499815,0.026313990247600838,-0.0002809633725618932
2025-02-18,-0.000531435586585971,-0.008877028355405714,0.002962465156066907,0.003961109823097164,-0.004861766535893763
2025-02-19,0.0016361523213930251,-8.819331220011328e-05,0.012523125260212042,-0.0012194606517265116,0.018214714280444966
2025-02-20,0.003920539035783932,-0.016546793977871843,0.005290717961377478,0.006320499641016442,-0.01708454543992588
2025-02-21,-0.0011390950939301758,-0.028266344731418536,-0.019032524836591014,-0.04053973084052043,-0.046839747148427646
2025-02-24,0.006312423424239322,-0.017868663239768212,-0.01031322977716842,-0.030870938711165197,-0.021521578674915554
2025-02-25,-0.000242810694735085,0.000423094048469963,-0.015099146760588766,-0.028016630826993127,-0.0838955952220366
2025-02-26,-0.0270401718834844,0.007283848822975836,0.0045992342106173645,0.036721145843673364,-0.039630120487999076
2025-02-27,-0.012730909119658906,-0.02617215045770671,-0.018012224014775424,-0.0847805911764884,-0.030433204805490277
2025-02-28,0.019131881867239464,0.016958863624485065,0.011362271627044063,0.03970033175713383,0.03912040539724382
2025-03-03,-0.01575424221162791,-0.034200087377916355,-0.021411203032253856,-0.08693565937899761,-0.02843203214376444
2025-03-04,-0.008822393793806338,-0.005950644792114046,0.0003088656635419351,0.01692097951345506,-0.04429996705409467
2025-03-05,-0.0008053362915595441,0.022374865016246748,0.03193438180182895,0.011294071573072939,0.025952056083059283
2025-03-06,-0.0017391939743134355,-0.03676331176651382,-0.010298610789470697,-0.05737427706833764,-0.056073068986891905
2025-03-07,0.015892641540643737,-0.007224698407026442,-0.009020270893254745,0.01917346936239972,-0.0029607088371812473
2025-03-10,-0.04847957993043717,-0.02363867861413893,-0.033434151160752434,-0.05067004423166255,-0.1542620682219512
2025-03-11,-0.029189402587743385,0.010537694677220655,0.0007628752282822227,0.016638499474584956,0.037947369642955975
2025-03-12,-0.017478704614326435,0.011699491808345508,0.007412217003214927,0.0642760506135831,0.0759389121683911
2025-03-13,-0.03364367441753047,-0.025139524437347016,-0.011741093546594805,-0.0013824365221175583,-0.02986820819658198
2025-03-14,0.018170574441256804,0.02093969555611075,0.025846863895390815,0.052690747948613614,0.038640532386444715
2025-03-17,0.002388919616684637,-0.01116439246854839,0.0003603310994071407,-0.017588559495923528,-0.04788383640805238
2025-03-18,-0.006121451944034906,-0.014917738259935254,-0.013326578141373946,-0.03430097466409632,-0.05335909096824687
2025-03-19,0.011989164429671684,0.014106347155876442,0.011212020426398794,0.018106214850023505,0.046824389357219776
2025-03-20,-0.005296283203231389,-0.003017266841301769,-0.0025268926380662693,0.00859418207315299,0.0016958954271570903
2025-03-21,0.01947686424912143,0.006463245885351521,0.011425896818111791,-0.0070024387239934205,0.05269623506518384
2025-03-24,0.011270377348197247,0.03593082692897376,0.0046515857432165575,0.03152091099195853,0.11933580126800525
2025-03-25,0.013681953611427877,0.012053587883713357,0.005291495375701283,-0.005930343262850357,0.03502280788451673
2025-03-26,-0.00992188518832271,-0.022264360904062586,-0.013133932430449136,-0.05741983754646518,-0.05580626179068926
2025-03-27,0.010472641379690062,0.0011435177345771042,0.0015641741970873202,-0.020481661324519007,0.0039329829222258805
2025-03-28,-0.026580295499861295,-0.04290822091507418,-0.03016016958280132,-0.015794711282008045,-0.03507493471452938
2025-03-31,0.019412553869742055,-0.012764667384211892,-0.00900211597215994,-0.011762626571884982,-0.016657121359109794
2025-04-01,0.004772069978492999,0.010038913682617334,0.018114615609889917,0.01633151286881862,0.035885119854736525
2025-04-02,0.003136332478159254,0.01998228846583383,-0.00013090926177794504,0.002451126423530736,0.05326685079977622
2025-04-03,-0.09245623112531343,-0.08979129298487254,-0.023630163414979033,-0.07806546985533769,-0.05474611137253549
2025-04-04,-0.07288735286484349,-0.041533565999713695,-0.035565858615312806,-0.07357570888187526,-0.10419786826814681
2025-04-07,-0.03673424992218577,0.024912248577988017,-0.00550246999270354,0.035309011911489385,-0.025644236634809525
2025-04-08,-0.04981826446171411,-0.026246667744515673,-0.009221495839314864,-0.013723798645924323,-0.048994783337158565
2025-04-09,0.15328858759749742,0.11977031526306248,0.10133683979457686,0.18722746024727277,0.22689989839624536
2025-04-10,-0.042393760690519144,-0.05170070417193329,-0.023406404700070715,-0.05912715396118473,-0.07274069589492627
2025-04-11,0.04059440117354951,0.020141230945248445,0.018617967268974356,0.031235534555567934,-0.00035656236159631316
2025-04-14,0.02205411534227064,-0.014875318183769082,-0.0016475587481118437,-0.0019832294010783125,0.00015856900364230597
2025-04-15,-0.001876462947934865,-0.013891933050343641,-0.0053634817465190165,0.013458497474730935,0.0069744183248166
2025-04-16,-0.03893340381118693,-0.029288905919567454,-0.0366059234646976,-0.06871651023515024,-0.049427403598542585
2025-04-17,0.01394966989520463,-0.009866352335440198,-0.010306426416466397,-0.028710927386675578,-0.0007452201709629014
2025-04-21,-0.019392821790516823,-0.030647084568839134,-0.023546690156360572,-0.04512749971558783,-0.05746362595919796
2025-04-22,0.034065138051412314,0.03502262189247651,0.02144124457109986,0.0204311359553786,0.04602198338770602
2025-04-23,0.02433156707055595,0.042845673527805994,0.020636978108813153,0.038628854614927155,0.0536622440095611
2025-04-24,0.018426155346186412,0.03289029336584037,0.034482600011646936,0.03621840858242065,0.0349764859229853
2025-04-25,0.004367234247518725,0.013133978209558528,0.011748105898499839,0.04303317521952321,0.09803091011549903
2025-04-28,0.004109372565147096,-0.006825802991833552,-0.0017609451266143994,-0.020538705355019227,0.0032637046356942534
2025-04-29,0.005091827412437189,-0.0016515586767922308,0.0073627276407903786,0.002667092080054001,0.021512501019458785
2025-04-30,0.006107623740076784,-0.015849304820837684,0.003096113917762988,-0.0009173250395856369,-0.03379788089732105
2025-05-01,0.003858872869008989,0.031341496782804956,0.07625368013233458,0.024697053835501137,-0.005812356915055328
2025-05-02,-0.03736168747193236,-0.0011566836184702112,0.023225185803004367,0.025893817366504868,0.023848576584252656
2025-05-05,-0.03145853051229541,-0.01910722026349243,0.002044734925899405,-0.005938866887284733,-0.024198258752220814
2025-05-06,-0.0019105568146198237,-0.007190832051464091,-0.0065571833398501145,-0.0024599900463295743,-0.017519458684867262
2025-05-07,-0.011384844875322098,0.019998985551532122,9.232956359972455e-05,0.031002237470267424,0.003159597232260225
2025-05-08,0.006318471846909812,0.01785806262143419,0.01112266287088337,0.002648230985873523,0.031134624811778533
2025-05-09,0.00526603727610353,0.0051020185245573835,0.0012779959899980042,-0.006134471915594353,0.04718770485146129
2025-05-12,0.06314626203094997,0.08070031092964336,0.02400112538787713,0.05443633946918691,0.06745790403815088
2025-05-13,0.01015224408951143,0.01308471882441209,-0.00026701790827032834,0.0563414029159095,0.049280740626853614
2025-05-14,-0.0028178056681582575,-0.005298742220089303,0.008460518515972515,0.0416377797663503,0.04073991993646375
2025-05-15,-0.0041444407073805145,-0.024161720956264898,0.002256134202202942,-0.0037681199952365185,-0.013978329078298546
2025-05-16,-0.0008986253601558358,0.002047074000553817,0.002515781978116305,0.004227463958566213,0.0208856061756566
2025-05-19,-0.011739075721298287,0.0027725440652370814,0.010126120752209422,0.0012554832990736564,-0.022544186527114873
2025-05-20,-0.009196255872420789,-0.010137739138364021,-0.001525411472787952,-0.00877770099864661,0.005057180873010214
2025-05-21,-0.023059123765283074,-0.014455883280997672,-0.012222538212808609,-0.019199280198776703,-0.026758222357769146
2025-05-22,-0.0036123174595192875,0.00984492359983613,0.0050599003103872775,0.0078148503695743,0.019185982671137136
2025-05-23,-0.030244159980638896,-0.010388973643241206,-0.010288844524727003,-0.01159380523896325,-0.004984788190348977
2025-05-27,0.02529825273422026,0.025026113945093353,0.02334624274697772,0.03206635423474524,0.06939947711644767
2025-05-28,0.0010488369682313259,-0.006310081665849121,-0.007228339450783938,-0.005092117794083917,-0.016506435862546853
2025-05-29,-0.0023450393879255182,0.004787005283780621,0.002886199964228675,0.03249016424752793,0.004286911755287504
2025-05-30,0.004501166855784389,-0.0033544115296213484,0.0036625974856825394,-0.029168709381678815,-0.03339564619395741
2025-06-02,0.004231968185255619,0.007999607012299847,0.003497277728137682,0.016650601990513936,-0.01088145559849063
2025-06-03,0.0077838098212634765,-0.004548692041520419,0.0021647260874011476,0.027951559872750442,0.004610541775392996
2025-06-04,-0.0022137495221588033,0.007388989179248462,0.0019439788535198232,0.00495687095373043,-0.03549540073392177
2025-06-05,-0.010797720380636866,0.0032814165352026414,0.008213439856688876,-0.013599244967940627,-0.14259893789082123
2025-06-06,0.01639824487714092,0.027223334916139486,0.005773203535631932,0.012357963821856499,0.036670186138995975
2025-06-09,-0.012112532119803454,0.015966607137600786,0.005038503650813819,0.0064212515479658006,0.04553761352840424
2025-06-10,0.006055990446562909,0.0029035159702168745,-0.003871025632851355,0.009324789052088667,0.05674382827003055
2025-06-11,-0.019193718960232586,-0.020265629565462184,0.0036100287687712562,-0.007780571947151982,0.0010426457165473302
2025-06-12,0.0021129184846335747,0.00018765734284498237,0.013224078297018105,0.015192942029507384,-0.022424432461661592
2025-06-13,-0.013805203391582088,-0.0053460859139069505,-0.008164997797574847,-0.02089664809731795,0.019429076154419578
2025-06-16,0.010027978679112204,0.018859028217320217,0.00880073043109153,0.019159054367494432,0.011742668079331553
2025-06-17,-0.014010735099622806,-0.005923177895162723,-0.0022958041499749893,-0.003939529332248171,-0.03882963749794621
2025-06-18,0.004804748092792632,-0.010706651956707725,0.0046021097802841915,0.009436565638210936,0.0180179597897272
2025-06-20,0.022484461787976695,-0.013316402099383007,-0.0059136689847386625,-0.011204192941437152,0.0003416111576173275
2025-06-23,0.002487669966985573,-0.005818118205440093,0.018014164898636942,0.002224535733727162,0.0823193093872907
2025-06-24,-0.0059553645031715785,0.02062648355436747,0.008456749616472248,0.025872058712224533,-0.023545920693855638
2025-06-25,0.006290576414705429,-0.0036659245365152637,0.004407231138295886,0.043340313576431866,-0.037947582404945
2025-06-26,-0.002778418785846948,0.024199205109171285,0.010522749157461098,0.004601045575293838,-0.0054037218123500486
2025-06-27,0.00039808811103148045,0.028463559660798277,-0.0030355482788234633,0.017610676115523027,-0.006599526995335614
2025-06-30,0.020340159867571872,-0.017510092291414314,0.002964083350833313,0.0015214888165202556,-0.018446995428822777
2025-07-01,0.012916154801693835,0.00487719279454657,-0.01077581392501592,-0.02968544324345679,-0.05335897504131726
2025-07-02,0.02223072103194701,-0.002449462616694653,-0.0019510464261216498,0.025766351418616162,0.04968242780731846
2025-07-03,0.005225057886292905,0.015869432167251007,0.015781266641565317,0.013290989179453039,-0.0009503811144286889
2025-07-07,-0.01685796223455238,0.0002685535903059755,-0.0022451352735998187,-0.006903417381724064,-0.06789282780315342
2025-07-08,0.00028583844376162126,-0.018391733064396676,-0.002210101143409915,0.011122230051344939,0.013165935514200422
2025-07-09,0.0053806956402597805,0.014496684294917905,0.013873813001807678,0.01800006619600092,-0.0064806174796113725
2025-07-10,0.006014951043801897,-0.0012581953255335065,-0.004031766929050162,0.007490211033165828,0.0472826483827995
2025-07-11,-0.005884883770447158,0.012417933203629827,0.0036692070250263775,0.0049968979800461,0.01174690904506881
2025-07-14,-0.012028763324753222,0.0029775049161142597,-0.0005961261496849612,-0.005153982348054642,0.010813001260769006
2025-07-15,0.0023488257081967223,0.0029243814744550622,0.005566410200881,0.040409535932759866,-0.01931207079538977
2025-07-16,0.005021278072047108,-0.013960696164789232,-0.0003954127748910796,0.00392503050477,0.03504091219258654
2025-07-17,-0.0006662170357114583,0.0030915472640284936,0.012024854080743053,0.009511589505708296,-0.007025863995037018
2025-07-18,0.005523274731814354,0.010050026580880944,-0.003224609633338371,-0.003410420962038696,0.03205907804067243
2025-07-21,0.006155862513610666,0.014018476542235536,1.9678892233532252e-05,-0.005974055127366262,-0.0035188948387289143
2025-07-22,0.009036190140318423,-0.007980819043607368,-0.009391160295204037,-0.02538216980801078,0.0110201078413521
2025-07-23,-0.0011660238330303274,0.003604836070819184,0.0011875296988737016,0.022450948681822958,0.0013550095657464123
2025-07-24,-0.00182126073009381,0.01725876103762447,0.009903820307622047,0.017332301017892293,-0.08197020076301287
2025-07-25,0.000561487499385116,-0.00340177109187767,0.005539409766897929,-0.0013813721014661606,0.03524405566934252
2025-07-28,0.0007948869050111718,0.005833005662313484,-0.0023553975889619716,0.01873193435220344,0.030152499060024596
2025-07-29,-0.012987665800312187,-0.007646371539299812,0.00013655468224449407,-0.007015633382126407,-0.013483166498468035
2025-07-30,-0.010507915039244642,-0.003549595623255297,0.0013072127916542442,0.02142342063618985,-0.006724793213012448
2025-07-31,-0.007079571638254123,0.017029402351838252,0.03947468281414013,-0.007809521101566741,-0.03375758288237862
2025-08-01,-0.02500361671306328,-0.08269617085933034,-0.017600839364810383,-0.02333162962246693,-0.01829559909125389
2025-08-04,0.004792959023176335,-0.01443541840985152,0.021999261369619383,0.03615015415062883,0.021907956170373222
2025-08-05,-0.0021146570738387327,0.009922070229506863,-0.014730024618234028,-0.009666692667442134,-0.0017461311772288823
2025-08-06,0.05090683748699587,0.04004677220394748,-0.0053244744476292905,0.00650733795265368,0.03624644466558724
2025-08-07,0.03179359330942533,0.0036885760119835798,-0.007810365732719093,0.00752433863266444,0.007377028928595486
2025-08-08,0.042357898901638213,-0.001971955504762035,0.00230382319612632,0.010676510503399017,0.02290006868278205
2025-08-11,-0.008337425736971271,-0.006241858073597895,-0.0005171863931293652,-0.0035030879331288123,0.02845443669493286
2025-08-12,0.010872438382831362,0.0007681796954406295,0.014316698328075361,0.0060419962243181136,0.005338753399730889
2025-08-13,0.016024473911425474,0.01395221168040428,-0.016362973710205786,-0.00857170543975927,-0.004283509772223915
2025-08-14,-0.0023572269806403368,0.02858923333961183,0.0036496793661924265,0.0023679047425748667,-0.011196942235471519
2025-08-15,-0.005112157477567991,0.00021648217457226338,-0.004421286091483956,-0.008625390714084524,-0.014959143019665277
2025-08-18,-0.0030225219373292145,0.0019911124801876845,-0.005901872517995788,0.008644955017783396,0.013915797850586165
2025-08-19,-0.001429269406026834,-0.01503309388634011,-0.01417525451919599,-0.03499800104375028,-0.017454368181154756
2025-08-20,-0.019734590701623533,-0.01842023178556884,-0.007944704093597266,-0.0013664290809751733,-0.016428300696053943
2025-08-21,-0.004911248691371939,-0.008310623433453235,-0.001287469977040212,-0.0023945663416949925,-0.011701168929731831
2025-08-22,0.012716736522523586,0.031043025385826706,0.005929802111420912,0.017202090813873028,0.062166209505171155
2025-08-25,-0.002634365777127168,-0.003932852258726194,-0.005855335195253941,0.010225232930471728,0.019381771561470362
2025-08-26,0.009464738691509877,0.0033781006590050122,-0.00440250800265396,0.01090037658917331,0.01462783391499567
2025-08-27,0.005145914812595631,0.0017926124405795996,0.009361814233312282,-0.0009351413404258269,-0.0058862207330171445
2025-08-28,0.008980837064874514,0.0108240705271474,0.005722875063482347,-0.007874540490031334,-0.010354676927882056
2025-08-29,-0.0018060015285242814,-0.011226278216735164,-0.005788441732677008,-0.03324642868305783,-0.03500206799409333
2025-09-02,-0.010424716908628007,-0.015982548742835667,-0.0030985586346867766,-0.019520005102879878,-0.01350828116207925
2025-09-03,0.03808984120498149,0.0028845707190781056,0.00045537194199019027,-0.0009367869432114206,0.014361219324440011
2025-09-04,0.005493299768011717,0.042877945692648245,0.005184547565648234,0.006095406083867605,0.01328983953448204
2025-09-05,-0.0003753428502223377,-0.014214150326010255,-0.025533004123011738,-0.027030129068697395,0.036363092201525005
2025-09-08,-0.007551389041256629,0.015107797009308976,0.006464623177218298,0.007723497933343371,-0.01265534855703887
2025-09-09,-0.014839416284502027,0.010176429751274751,0.0004214692447397361,0.014556426417988044,0.001645517708609212
2025-09-10,-0.03225946602106422,-0.03320182790348514,0.003932547586223745,0.03847514721289991,0.0023633378140295314
2025-09-11,0.014286365271970913,-0.0016498279850283293,0.0012790734278176341,-0.0008459006393353175,0.06043873744853956
2025-09-12,0.017562943095258854,-0.007827802024989672,0.01774414523211698,0.003668730192814884,0.07356092584909457
2025-09-15,0.01123590368620797,0.014376501718361023,0.010707959006712509,-0.0003935692872465424,0.03561147147692467
2025-09-16,0.006125935389198034,0.011320962964584513,-0.012263262823754228,-0.016146299893558758,0.028241113869250656
2025-09-17,0.003527220020250743,-0.010382430689534927,0.0019251529153794245,-0.0262466362492908,0.01005642588937583
2025-09-18,-0.004644573125239804,-0.0016837898189709932,-0.003078267683711111,0.034940451119733984,-0.021157139806429193
2025-09-19,0.03203293872010393,0.0010811746080494622,0.018644946824940778,0.0024397346321005653,0.022118270566640064
2025-09-22,0.04309567281585802,-0.016632067201427403,-0.006719029657569653,0.039282375453410845,0.019104804353584193
2025-09-23,-0.006443258425658294,-0.030400202172415014,-0.010146780170470104,-0.028212036426306986,-0.019253323313789705
2025-09-24,-0.008332350414175016,-0.0022654160880354324,0.0018065456770510746,-0.008182476268150385,0.03977927016229388
2025-09-25,0.018072966979806315,-0.00935476479077324,-0.006115801241625585,0.00406859508864299,-0.04381307961359793
2025-09-26,-0.005489100657377954,0.007471945580644679,0.008737088754400935,0.00281385463560313,0.0401756741055197
2025-09-29,-0.004031962461707783,0.01087450815780766,0.00613926193567127,0.020539921884648038,0.00638055766924972
2025-09-30,0.0007861150085717306,-0.011702709034319914,0.006510017339799168,0.026010341701790507,0.0034069849388267404
2025-10-01,0.0032203416899190263,0.004827606336181178,0.0033979607738821027,0.0035374376225016935,0.033144428390707636
2025-10-02,0.00657662791005964,0.008067800117406154,-0.007638979219349085,0.00881217616136909,-0.051059922281332826
2025-10-03,0.003461279462880995,-0.013039023009411066,0.0031217278987927255,-0.006723442800848245,-0.014151406944344913
2025-10-06,-0.005154694760991507,0.00633228292302257,0.02168765904212222,-0.011086325894108073,0.054486690457546505
2025-10-07,-0.0008179658510275578,0.003983725247293846,-0.008683906700529431,-0.002694803694029413,-0.044478772558432134
2025-10-08,0.0061603302390016434,0.015510877718191152,0.001660362669058335,0.021995224919487466,0.012930352007360923
2025-10-09,-0.01557791778791151,0.01118907849570383,-0.004667933745094888,0.018296257179543973,-0.007180455170972544
2025-10-10,-0.034522045132806656,-0.049925397829666096,-0.02189895346520787,-0.04886534322137259,-0.05062684914805626
2025-10-13,0.009744359001401026,0.017100394188331425,0.0060474509652928,0.02817212030804872,0.054197209585187034
2025-10-14,0.0004441421356069508,-0.016721987604375044,-0.0009338503679007237,-0.044020911827305276,-0.015278742269702716
2025-10-15,0.006336535331355142,-0.003789417568938358,-0.0002725107645331626,-0.0011108615216387507,0.013768529951932784
2025-10-16,-0.0075799863393841704,-0.00510277898660183,-0.003544859011397894,0.011010395836064779,-0.01470755828163206
2025-10-17,0.01955939420116093,-0.006667636156250767,0.003850671086669477,0.007755381326113531,0.02462973191508744
2025-10-20,0.0394388237214669,0.016147214372026486,0.0062500824169315905,-0.0031656175965260047,0.018483519979771268
2025-10-21,0.002020932679144938,0.025637486886977978,0.0016835817454483593,-0.008103403516373953,-0.010794954856246153
2025-10-22,-0.016440064574789193,-0.018375903497213075,0.0055634361363350315,-0.004857555235790012,-0.008201547294971134
2025-10-23,0.004372053262009956,0.014406971477930908,3.8501348547992365e-05,0.010428209748937878,0.022803402824313368
2025-10-24,0.012481897255921526,0.01411194729592502,0.00585904386582925,0.0225075935807193,-0.03398817183887881
2025-10-27,0.022791155068992097,0.012309863182682124,0.015106808844357555,0.028079142713459238,0.043115401997602554
2025-10-28,0.0007068103233436318,0.010045375014470892,0.019848571819303773,0.04981984937812545,0.017969970655449252
2025-10-29,0.0026022346664624774,0.0045801659836763875,-0.0009593537042699163,0.029896025705414164,0.0020845119924046696
2025-10-30,0.006303229091240592,-0.03230569840563213,-0.029156935182629407,-0.020044469393717956,-0.04639120107705208
2025-10-31,-0.003795042898427692,0.09584492754129248,-0.01512103683912347,-0.0019714724306379994,0.03740057084027071
2025-11-03,-0.004882257880291285,0.04004585509136338,-0.0015062732980567484,0.0216800483053341,0.02586735066967427
2025-11-04,0.003679658451690937,-0.018425168014886806,-0.005222061797499733,-0.039588173995557474,-0.05147636612701911
2025-11-05,0.0003703646251622672,0.0035295587926045258,-0.013940547578869977,-0.017514626436203384,0.040089130615176494
2025-11-06,-0.0013697625428008564,-0.028617121300727022,-0.019835950877711617,-0.03652481390732354,-0.03497306340156037
2025-11-07,-0.0048188791892468386,0.005636975040415049,-0.0005632641778654524,0.0003721807128440613,-0.03675632866235745
2025-11-10,0.004548721603090611,0.01632498741700883,0.01847754503178778,0.057932501138553194,0.03657576451501576
2025-11-11,0.02160110352909128,0.0028180846386129943,0.00529640782497709,-0.02959058026486583,-0.01260026442672324
2025-11-12,-0.0064667915516215535,-0.01967085120518708,0.0048360784124728,0.003313360000960719,-0.02051769508633805
2025-11-13,-0.0019014401037990014,-0.027108907452568887,-0.015357852274828332,-0.03581019794270368,-0.06644220962287406
2025-11-14,-0.00197847614027602,-0.012164320933474637,0.013689946462120961,0.017713769013105507,0.005870832424868633
2025-11-17,-0.01817114312581336,-0.007754941860691922,-0.005272654964164958,-0.018772611440638687,0.011302107716671506
2025-11-18,-7.469218596389826e-05,-0.04431653833391602,-0.02699557164947486,-0.028081462747415187,-0.018756757252943457
2025-11-19,0.004187757744410714,0.0006290693674619874,-0.01350779898552179,0.02845172927249262,0.006828636098130891
2025-11-20,-0.00860139398019577,-0.02492255148822009,-0.016001348276606597,-0.031524819976513685,-0.02168365419886953
2025-11-21,0.01968065895668869,0.016348913427910006,-0.01318895836861611,-0.009743076928405703,-0.010474950113494086
2025-11-24,0.016317525903571717,0.02532963104830621,0.003982067479795237,0.020516571142315865,0.0682451678419993
2025-11-25,0.0038054245067611348,0.0149814363087164,0.006307939090366643,-0.02591077088622873,0.0038776272725380423
2025-11-26,0.002094015298321983,-0.0022205534501759105,0.01784106796189966,0.013721716820289664,0.017119677587676296
2025-11-28,0.0046838874009274,0.01771686809963624,0.013408926747197292,-0.01808499704797284,0.008415835173881447
2025-12-01,0.01524118957389331,0.0028299616613276513,-0.01071121950431042,0.016497252512760685,-6.973703038437584e-05
2025-12-02,0.010914820528252767,0.0023088475921804186,0.006697657758429676,0.008559328912786102,-0.0020923987153301793
2025-12-03,-0.007128107299873898,-0.008702300580441968,-0.02504083083412756,-0.010305312728931093,0.04076973347810542
2025-12-04,-0.012141483369261685,-0.014071797072686909,0.006509927133071081,0.021160543078458716,0.017437455153354264
2025-12-05,-0.006840070477014848,0.0018331725713693903,0.004824912832363637,-0.00528960563825176,0.0010340378456106247
2025-12-08,-0.0031924534677664207,-0.011501761877265149,0.01626790556904023,0.0172139763380188,-0.033890139401614006
2025-12-09,-0.0025550193698475887,0.004539639393836836,0.0020365533068591457,-0.0031258565800189597,0.01271674558948499
2025-12-10,0.005772445948890148,0.016935769749744978,-0.027356619467261645,-0.006433507035163322,0.014106967203253218
2025-12-11,-0.0026902907054526803,-0.006471654188885845,0.010259979343901993,-0.015507714749317336,-0.010100780674035192
2025-12-12,0.0008992558753764257,-0.017760970816273702,-0.010217781958397731,-0.03266450115570951,0.027008830833098685
2025-12-15,-0.014985035929685031,-0.01613691637948922,-0.007752945826024926,0.007256294743706926,0.035624033484225714
2025-12-16,0.0018241206270945831,8.989068511033871e-05,0.003306541643073313,0.008111685598434226,0.030653694218629735
2025-12-17,-0.010086976563313366,-0.005796159688549518,-0.0005668130933824678,-0.038149894542773066,-0.04617456293730249
2025-12-18,0.0012875132341483297,0.024811271877659857,0.01650851077648796,0.018719942068098128,0.034477560704677446
2025-12-19,0.005437456457254575,0.0026019210221046585,0.004008420178750471,0.03933622863520214,-0.00448927929345333
2025-12-22,-0.0098660198257976,0.00475032567966549,-0.0020579280335145667,0.01491789831628254,0.01564837611861325
2025-12-23,0.005129726100470355,0.016241329216049705,0.003980023810253641,0.030050700900573935,-0.00648622625268469
2025-12-24,0.0053238158353827725,0.001033882544133169,0.0024031254578502637,-0.0031711222062752453,-0.00032952397832164415
2025-12-26,-0.0014973530252399003,0.000602458846315379,-0.000635160515604416,0.010179710869091751,-0.021034181259704576
2025-12-29,0.0013168132449112857,-0.0019353042317807878,-0.001250745693541444,-0.012124077899723362,-0.03272372674735757
2025-12-30,-0.002483993295382736,0.001982123671998126,0.0007801596803003186,-0.003612788112190568,-0.011335005235871831
2025-12-31,-0.004467601499789753,-0.0073538531116630335,-0.007918308222643278,-0.005545422619901985,-0.010364613980130777
2026-01-02,-0.003126523879828924,-0.018715913643268745,-0.022083435687120456,0.012600514015812525,-0.02590499391813139
2026-01-05,-0.013837113287258118,0.028962461627345393,-0.0001903375156925291,-0.003865526635683625,0.031045280151877908
2026-01-06,-0.018334308830022295,0.033768107781812384,0.011970000253572977,-0.004677819899715829,-0.041424095947095174
2026-01-07,-0.00773747740562758,0.0026148877348795008,0.010365499243197629,0.009987125820996923,-0.0035799792672750463
2026-01-08,-0.004955108337700187,0.019581038977249277,-0.011086551233978836,-0.021521859150629097,0.010175897854927118
2026-01-09,0.0012738954148727721,0.004425724253495522,0.0024471834263524173,-0.000972775721840291,0.02113359850994656
2026-01-12,0.0033928502238405045,-0.003678565947722645,-0.00438162996992264,0.000432793264901532,0.00887616368794375
2026-01-13,0.0030738623692765366,-0.0157016882298876,-0.013642593572847694,0.004704209026523465,-0.003920124914344347
2026-01-14,-0.0041753602144793955,-0.024526018373191683,-0.023987065591537404,-0.01436954614122099,-0.017889087168218576
2026-01-15,-0.00673187624656213,0.006465239039753046,-0.005921024377300688,0.02134988022026696,-0.0014344373071545347
2026-01-16,-0.010379073276537754,0.0039466053837939885,0.007007346870100184,-0.004383967623675433,-0.0024397640202233895
2026-01-20,-0.03455563492367564,-0.033957825706746436,-0.011612253703628728,-0.04381672138594639,-0.041714285714285704
2026-01-21,0.003850831106810837,0.001341980773133189,-0.022903278470751354,0.02948284071008489,0.02907573629435012
2026-01-22,0.0028266120532465244,0.01309929882528893,0.015829449808587803,0.008291401026019996,0.041535283721378935
2026-01-23,-0.001248289505752287,0.020568436457892858,0.032827950848620446,0.015310552663258647,-0.0006675890216037983
2026-01-26,0.029712962519965025,-0.003094185824689788,0.009292820813103786,-0.006394126101000319,-0.030864440001147186
2026-01-27,0.011197578028024013,0.026256163723313408,0.02190185886971885,0.010993681830616886,-0.009880556502607107
2026-01-28,-0.007085445328186779,-0.0068252338521122,0.0021848569201308177,0.01591348287194827,0.0012995998294869082
2026-01-29,0.007175077196164281,-0.005267268047532414,-0.09993146244609463,0.005169082772252587,-0.03453389466363932
2026-01-30,0.0046461394466286166,-0.010052507834071855,-0.007404862064634643,-0.00716839684544246,0.033248526466028494
2026-02-02,0.04058122413384724,0.015294624385431943,-0.01608216420757036,-0.028880854608678286,-0.019980962408733927
2026-02-03,-0.0019629122599374993,-0.017863069956986388,-0.028721958392058156,-0.028392945801114955,0.0003555958781265023
2026-02-04,0.026012954335186356,-0.023593955826118118,0.00724696002125591,-0.03410220337884484,-0.03779974882085746
2026-02-05,-0.0020976508564164442,-0.04420791797466184,-0.04954246909318927,-0.01326138417734124,-0.02167438757390938
2026-02-06,0.008009793893585249,-0.05554804877440456,0.018975241101618856,0.07871770227202068,0.03499406912088299
2026-02-09,-0.01166051394653178,-0.00760748406141476,0.03106151286708836,0.024971663419029566,0.015105500216312517
2026-02-10,-0.003422920610733904,-0.008432323191560842,-0.0007979599440377516,-0.007893101110529654,0.018906316477488305
2026-02-11,0.0066501292492171515,-0.013915755650289796,-0.02153555363583015,0.008008991631896611,0.00719643851293883
2026-02-12,-0.049981811301894274,-0.021952154485218922,-0.006256627631262779,-0.016364120017250072,-0.02615168463063977
2026-02-13,-0.022733396848946263,-0.004058180323715632,-0.001294005019369382,-0.02209264710071812,0.0008871295242764976
2026-02-17,0.031667863563111576,0.011871828009746066,-0.011113366274641656,0.011815537711723945,-0.016313715788533356
2026-02-18,0.0017811172199722058,0.018095945812067304,0.006904209070364153,0.016272852504360502,0.0016803507615161806
2026-02-19,-0.014261469431454121,0.00034184934085601526,-0.0005769168650320289,-0.00042552880599477927,0.0009481282794785439
2026-02-20,0.015350373037534393,0.025627257563010764,-0.0030868355547025716,0.010218257158700395,0.00026721690370390405
2026-02-23,0.006047343656806037,-0.023035535309270605,-0.032122471647954565,0.009113885259954158,-0.02911471161845125
2026-02-24,0.022390946489790453,0.016027637831418806,0.01178245055508631,0.006786724366676156,0.023885197787236967
2026-02-25,0.007679856784716499,0.00997315810991184,0.029820067104153303,0.014052296839024425,0.019590573349979934
2026-02-26,-0.004667610137537803,-0.012913032798065993,0.002795794059219592,-0.0545612407949545,-0.021130827631028026
2026-02-27,-0.03213049693728531,0.01000385652833935,-0.022353905603506474,-0.041646311846979644,-0.014856275407819197
2026-03-02,0.002044093269336189,-0.007666669573102691,0.014793496213936663,0.029854898026954846,0.0020123662491409178
2026-03-03,-0.0036642536122324376,0.0016315386481426941,0.013498946299321357,-0.013316539505995872,-0.027000928420799375
2026-03-04,-0.004663548763329417,0.03875826073047883,0.0031441575378865494,0.016606495502460517,0.03442654745501761
2026-03-05,-0.00849451684471103,0.009777672934109694,0.013524136978431578,0.0016390080583172928,-0.0009607691927178141
2026-03-06,-0.010872553678353492,-0.026171534044230005,-0.004188178755669236,-0.03010798420604055,-0.021748186591348584
2026-03-09,0.009399570838394267,0.0013132534612816382,0.0011003819846291396,0.02716223428151121,0.004915135319874642
2026-03-10,0.0036554627966916,0.00393459326562029,-0.008915253325116002,0.011606999188437328,0.0014046291985592152
2026-03-11,-7.663617950748325e-05,-0.007838417021498345,-0.002168781697636457,0.006873722377926494,0.02149087591352461
2026-03-12,-0.019362766377938656,-0.014671973697334195,-0.007459048347235875,-0.015535125563684415,-0.03141091003024221
2026-03-13,-0.022051921765652405,-0.008877013416636048,-0.015701980263283843,-0.015780274103308733,-0.009645319015724074
